Category,Level,Iteration,Configuration,Good Proposals,Bad Proposals,Max Attempts
1_ball,00000,00,lower_density,5,5,123
1_ball,00000,00,higher_gravity,5,5,68
1_ball,00000,00,higher_density,5,5,102
1_ball,00000,00,higher_time_scale,5,5,100
1_ball,00000,00,higher_elasticity,5,5,700
1_ball,00000,00,lower_space_iterations,5,5,148
1_ball,00000,00,lower_time_scale,5,5,134
1_ball,00000,00,lower_friction,5,5,54
1_ball,00000,00,higher_friction,5,5,285
1_ball,00000,00,lower_gravity,5,5,66
1_ball,00000,00,higher_space_iterations,5,5,101
1_ball,00000,00,lower_elasticity,5,5,37
1_ball,00000,00,default,5,5,75
1_ball,00000,01,lower_density,5,5,1545
1_ball,00000,01,higher_gravity,5,5,706
1_ball,00000,01,higher_density,5,5,2244
1_ball,00000,01,higher_time_scale,5,5,1355
1_ball,00000,01,higher_elasticity,5,5,3731
1_ball,00000,01,lower_space_iterations,5,5,1269
1_ball,00000,01,lower_time_scale,5,5,865
1_ball,00000,01,lower_friction,5,5,838
1_ball,00000,01,higher_friction,5,5,1250
1_ball,00000,01,lower_gravity,5,5,2165
1_ball,00000,01,higher_space_iterations,5,5,1642
1_ball,00000,01,lower_elasticity,5,5,292
1_ball,00000,01,default,5,5,1882
1_ball,00000,02,lower_density,5,5,106
1_ball,00000,02,higher_gravity,5,5,251
1_ball,00000,02,higher_density,5,5,193
1_ball,00000,02,higher_time_scale,5,5,113
1_ball,00000,02,higher_elasticity,5,5,827
1_ball,00000,02,lower_space_iterations,5,5,133
1_ball,00000,02,lower_time_scale,5,5,205
1_ball,00000,02,lower_friction,5,5,44
1_ball,00000,02,higher_friction,5,5,89
1_ball,00000,02,lower_gravity,5,5,136
1_ball,00000,02,higher_space_iterations,5,5,71
1_ball,00000,02,lower_elasticity,5,5,31
1_ball,00000,02,default,5,5,283
1_ball,00000,03,lower_density,5,5,74
1_ball,00000,03,higher_gravity,5,5,49
1_ball,00000,03,higher_density,5,5,49
1_ball,00000,03,higher_time_scale,5,5,42
1_ball,00000,03,higher_elasticity,5,5,935
1_ball,00000,03,lower_space_iterations,5,5,37
1_ball,00000,03,lower_time_scale,5,5,47
1_ball,00000,03,lower_friction,5,5,45
1_ball,00000,03,higher_friction,5,5,26
1_ball,00000,03,lower_gravity,5,5,29
1_ball,00000,03,higher_space_iterations,5,5,27
1_ball,00000,03,lower_elasticity,5,5,16
1_ball,00000,03,default,5,5,47
1_ball,00000,04,lower_density,5,5,83
1_ball,00000,04,higher_gravity,5,5,47
1_ball,00000,04,higher_density,5,5,81
1_ball,00000,04,higher_time_scale,5,5,64
1_ball,00000,04,higher_elasticity,5,5,633
1_ball,00000,04,lower_space_iterations,5,5,33
1_ball,00000,04,lower_time_scale,5,5,55
1_ball,00000,04,lower_friction,5,5,29
1_ball,00000,04,higher_friction,5,5,362
1_ball,00000,04,lower_gravity,5,5,58
1_ball,00000,04,higher_space_iterations,5,5,69
1_ball,00000,04,lower_elasticity,5,5,40
1_ball,00000,04,default,5,5,54
1_ball,00001,00,lower_density,5,5,41
1_ball,00001,00,higher_gravity,5,5,47
1_ball,00001,00,higher_density,5,5,43
1_ball,00001,00,higher_time_scale,5,5,64
1_ball,00001,00,higher_elasticity,5,5,53
1_ball,00001,00,lower_space_iterations,5,5,80
1_ball,00001,00,lower_time_scale,5,5,43
1_ball,00001,00,lower_friction,5,5,242
1_ball,00001,00,higher_friction,5,5,31
1_ball,00001,00,lower_gravity,5,5,91
1_ball,00001,00,higher_space_iterations,5,5,36
1_ball,00001,00,lower_elasticity,5,5,25
1_ball,00001,00,default,5,5,64
1_ball,00001,01,lower_density,5,5,57
1_ball,00001,01,higher_gravity,5,5,55
1_ball,00001,01,higher_density,5,5,76
1_ball,00001,01,higher_time_scale,5,5,50
1_ball,00001,01,higher_elasticity,5,5,61
1_ball,00001,01,lower_space_iterations,5,5,69
1_ball,00001,01,lower_time_scale,5,5,24
1_ball,00001,01,lower_friction,5,5,142
1_ball,00001,01,higher_friction,5,5,34
1_ball,00001,01,lower_gravity,5,5,56
1_ball,00001,01,higher_space_iterations,5,5,140
1_ball,00001,01,lower_elasticity,5,5,89
1_ball,00001,01,default,5,5,40
1_ball,00001,02,lower_density,5,5,19
1_ball,00001,02,higher_gravity,5,5,43
1_ball,00001,02,higher_density,5,5,37
1_ball,00001,02,higher_time_scale,5,5,19
1_ball,00001,02,higher_elasticity,5,5,29
1_ball,00001,02,lower_space_iterations,5,5,36
1_ball,00001,02,lower_time_scale,5,5,22
1_ball,00001,02,lower_friction,5,5,10
1_ball,00001,02,higher_friction,5,5,18
1_ball,00001,02,lower_gravity,5,5,27
1_ball,00001,02,higher_space_iterations,5,5,26
1_ball,00001,02,lower_elasticity,5,5,23
1_ball,00001,02,default,5,5,50
1_ball,00001,03,lower_density,5,5,22
1_ball,00001,03,higher_gravity,5,5,36
1_ball,00001,03,higher_density,5,5,97
1_ball,00001,03,higher_time_scale,5,5,59
1_ball,00001,03,higher_elasticity,5,5,28
1_ball,00001,03,lower_space_iterations,5,5,25
1_ball,00001,03,lower_time_scale,5,5,26
1_ball,00001,03,lower_friction,5,5,37
1_ball,00001,03,higher_friction,5,5,35
1_ball,00001,03,lower_gravity,5,5,68
1_ball,00001,03,higher_space_iterations,5,5,26
1_ball,00001,03,lower_elasticity,5,5,29
1_ball,00001,03,default,5,5,55
1_ball,00001,04,lower_density,5,5,35
1_ball,00001,04,higher_gravity,5,5,15
1_ball,00001,04,higher_density,5,5,36
1_ball,00001,04,higher_time_scale,5,5,35
1_ball,00001,04,higher_elasticity,5,5,21
1_ball,00001,04,lower_space_iterations,5,5,104
1_ball,00001,04,lower_time_scale,5,5,43
1_ball,00001,04,lower_friction,5,5,53
1_ball,00001,04,higher_friction,5,5,18
1_ball,00001,04,lower_gravity,5,5,70
1_ball,00001,04,higher_space_iterations,5,5,34
1_ball,00001,04,lower_elasticity,5,5,51
1_ball,00001,04,default,5,5,37
1_ball,00002,00,lower_density,5,5,31
1_ball,00002,00,higher_gravity,5,5,29
1_ball,00002,00,higher_density,5,5,20
1_ball,00002,00,higher_time_scale,5,5,38
1_ball,00002,00,higher_elasticity,5,5,48
1_ball,00002,00,lower_space_iterations,5,5,40
1_ball,00002,00,lower_time_scale,5,5,19
1_ball,00002,00,lower_friction,5,5,47
1_ball,00002,00,higher_friction,5,5,23
1_ball,00002,00,lower_gravity,5,5,37
1_ball,00002,00,higher_space_iterations,5,5,44
1_ball,00002,00,lower_elasticity,5,5,63
1_ball,00002,00,default,5,5,64
1_ball,00002,01,lower_density,5,5,88
1_ball,00002,01,higher_gravity,5,5,38
1_ball,00002,01,higher_density,5,5,52
1_ball,00002,01,higher_time_scale,5,5,39
1_ball,00002,01,higher_elasticity,5,5,76
1_ball,00002,01,lower_space_iterations,5,5,98
1_ball,00002,01,lower_time_scale,5,5,57
1_ball,00002,01,lower_friction,5,5,72
1_ball,00002,01,higher_friction,5,5,15
1_ball,00002,01,lower_gravity,5,5,108
1_ball,00002,01,higher_space_iterations,5,5,27
1_ball,00002,01,lower_elasticity,5,5,57
1_ball,00002,01,default,5,5,77
1_ball,00002,02,lower_density,5,5,225
1_ball,00002,02,higher_gravity,5,5,128
1_ball,00002,02,higher_density,5,5,364
1_ball,00002,02,higher_time_scale,5,5,325
1_ball,00002,02,higher_elasticity,5,5,183
1_ball,00002,02,lower_space_iterations,5,5,190
1_ball,00002,02,lower_time_scale,5,5,121
1_ball,00002,02,lower_friction,5,5,106
1_ball,00002,02,higher_friction,5,5,121
1_ball,00002,02,lower_gravity,5,5,475
1_ball,00002,02,higher_space_iterations,5,5,380
1_ball,00002,02,lower_elasticity,5,5,132
1_ball,00002,02,default,5,5,211
1_ball,00002,03,lower_density,5,5,58
1_ball,00002,03,higher_gravity,5,5,73
1_ball,00002,03,higher_density,5,5,56
1_ball,00002,03,higher_time_scale,5,5,22
1_ball,00002,03,higher_elasticity,5,5,35
1_ball,00002,03,lower_space_iterations,5,5,37
1_ball,00002,03,lower_time_scale,5,5,48
1_ball,00002,03,lower_friction,5,5,74
1_ball,00002,03,higher_friction,5,5,43
1_ball,00002,03,lower_gravity,5,5,61
1_ball,00002,03,higher_space_iterations,5,5,35
1_ball,00002,03,lower_elasticity,5,5,94
1_ball,00002,03,default,5,5,54
1_ball,00002,04,lower_density,5,5,72
1_ball,00002,04,higher_gravity,5,5,389
1_ball,00002,04,higher_density,5,5,215
1_ball,00002,04,higher_time_scale,5,5,82
1_ball,00002,04,higher_elasticity,5,5,110
1_ball,00002,04,lower_space_iterations,5,5,217
1_ball,00002,04,lower_time_scale,5,5,113
1_ball,00002,04,lower_friction,5,5,203
1_ball,00002,04,higher_friction,5,5,131
1_ball,00002,04,lower_gravity,5,5,444
1_ball,00002,04,higher_space_iterations,5,5,199
1_ball,00002,04,lower_elasticity,5,5,340
1_ball,00002,04,default,5,5,223
1_ball,00003,00,lower_density,5,5,2184
1_ball,00003,00,higher_gravity,5,5,704
1_ball,00003,00,higher_density,5,5,1546
1_ball,00003,00,higher_time_scale,5,5,1352
1_ball,00003,00,higher_elasticity,5,5,404
1_ball,00003,00,lower_space_iterations,5,5,2599
1_ball,00003,00,lower_time_scale,5,5,1789
1_ball,00003,00,lower_friction,5,5,1874
1_ball,00003,00,higher_friction,5,5,2047
1_ball,00003,00,lower_gravity,5,5,1572
1_ball,00003,00,higher_space_iterations,5,5,2070
1_ball,00003,00,lower_elasticity,5,5,415
1_ball,00003,00,default,5,5,3314
1_ball,00003,01,lower_density,5,5,385
1_ball,00003,01,higher_gravity,5,5,933
1_ball,00003,01,higher_density,5,5,887
1_ball,00003,01,higher_time_scale,5,5,576
1_ball,00003,01,higher_elasticity,5,5,161
1_ball,00003,01,lower_space_iterations,5,5,1186
1_ball,00003,01,lower_time_scale,5,5,844
1_ball,00003,01,lower_friction,5,5,256
1_ball,00003,01,higher_friction,5,5,117
1_ball,00003,01,lower_gravity,5,5,177
1_ball,00003,01,higher_space_iterations,5,5,1245
1_ball,00003,01,lower_elasticity,5,5,653
1_ball,00003,01,default,5,5,772
1_ball,00003,02,lower_density,5,5,226
1_ball,00003,02,higher_gravity,5,5,77
1_ball,00003,02,higher_density,5,5,150
1_ball,00003,02,higher_time_scale,5,5,120
1_ball,00003,02,higher_elasticity,5,5,106
1_ball,00003,02,lower_space_iterations,5,5,185
1_ball,00003,02,lower_time_scale,5,5,88
1_ball,00003,02,lower_friction,5,5,110
1_ball,00003,02,higher_friction,5,5,108
1_ball,00003,02,lower_gravity,5,5,183
1_ball,00003,02,higher_space_iterations,5,5,53
1_ball,00003,02,lower_elasticity,5,5,244
1_ball,00003,02,default,5,5,116
1_ball,00003,03,lower_density,5,5,615
1_ball,00003,03,higher_gravity,5,5,482
1_ball,00003,03,higher_density,5,5,461
1_ball,00003,03,higher_time_scale,5,5,342
1_ball,00003,03,higher_elasticity,5,5,426
1_ball,00003,03,lower_space_iterations,5,5,615
1_ball,00003,03,lower_time_scale,5,5,202
1_ball,00003,03,lower_friction,5,5,881
1_ball,00003,03,higher_friction,5,5,103
1_ball,00003,03,lower_gravity,5,5,378
1_ball,00003,03,higher_space_iterations,5,5,531
1_ball,00003,03,lower_elasticity,5,5,176
1_ball,00003,03,default,5,5,613
1_ball,00003,04,lower_density,5,5,1729
1_ball,00003,04,higher_gravity,5,5,946
1_ball,00003,04,higher_density,5,5,452
1_ball,00003,04,higher_time_scale,5,5,1667
1_ball,00003,04,higher_elasticity,5,5,348
1_ball,00003,04,lower_space_iterations,5,5,1518
1_ball,00003,04,lower_time_scale,5,5,1279
1_ball,00003,04,lower_friction,5,5,1087
1_ball,00003,04,higher_friction,5,5,67
1_ball,00003,04,lower_gravity,5,5,527
1_ball,00003,04,higher_space_iterations,5,5,471
1_ball,00003,04,lower_elasticity,5,5,497
1_ball,00003,04,default,5,5,647
1_ball,00004,00,lower_density,5,5,25
1_ball,00004,00,higher_gravity,5,5,34
1_ball,00004,00,higher_density,5,5,53
1_ball,00004,00,higher_time_scale,5,5,29
1_ball,00004,00,higher_elasticity,5,5,24
1_ball,00004,00,lower_space_iterations,5,5,48
1_ball,00004,00,lower_time_scale,5,5,41
1_ball,00004,00,lower_friction,5,5,46
1_ball,00004,00,higher_friction,5,5,53
1_ball,00004,00,lower_gravity,5,5,13
1_ball,00004,00,higher_space_iterations,5,5,68
1_ball,00004,00,lower_elasticity,5,5,15
1_ball,00004,00,default,5,5,84
1_ball,00004,01,lower_density,5,5,46
1_ball,00004,01,higher_gravity,5,5,22
1_ball,00004,01,higher_density,5,5,47
1_ball,00004,01,higher_time_scale,5,5,21
1_ball,00004,01,higher_elasticity,5,5,19
1_ball,00004,01,lower_space_iterations,5,5,48
1_ball,00004,01,lower_time_scale,5,5,48
1_ball,00004,01,lower_friction,5,5,11
1_ball,00004,01,higher_friction,5,5,29
1_ball,00004,01,lower_gravity,5,5,28
1_ball,00004,01,higher_space_iterations,5,5,16
1_ball,00004,01,lower_elasticity,5,5,27
1_ball,00004,01,default,5,5,31
1_ball,00004,02,lower_density,5,5,64
1_ball,00004,02,higher_gravity,5,5,87
1_ball,00004,02,higher_density,5,5,78
1_ball,00004,02,higher_time_scale,5,5,83
1_ball,00004,02,higher_elasticity,5,5,73
1_ball,00004,02,lower_space_iterations,5,5,68
1_ball,00004,02,lower_time_scale,5,5,65
1_ball,00004,02,lower_friction,5,5,19
1_ball,00004,02,higher_friction,5,5,219
1_ball,00004,02,lower_gravity,5,5,49
1_ball,00004,02,higher_space_iterations,5,5,45
1_ball,00004,02,lower_elasticity,5,5,69
1_ball,00004,02,default,5,5,34
1_ball,00004,03,lower_density,5,5,279
1_ball,00004,03,higher_gravity,5,5,498
1_ball,00004,03,higher_density,5,5,304
1_ball,00004,03,higher_time_scale,5,5,198
1_ball,00004,03,higher_elasticity,5,5,250
1_ball,00004,03,lower_space_iterations,5,5,120
1_ball,00004,03,lower_time_scale,5,5,157
1_ball,00004,03,lower_friction,5,5,14
1_ball,00004,03,higher_friction,5,5,459
1_ball,00004,03,lower_gravity,5,5,118
1_ball,00004,03,higher_space_iterations,5,5,89
1_ball,00004,03,lower_elasticity,5,5,278
1_ball,00004,03,default,5,5,228
1_ball,00004,04,lower_density,5,5,95
1_ball,00004,04,higher_gravity,5,5,450
1_ball,00004,04,higher_density,5,5,70
1_ball,00004,04,higher_time_scale,5,5,62
1_ball,00004,04,higher_elasticity,5,5,242
1_ball,00004,04,lower_space_iterations,5,5,59
1_ball,00004,04,lower_time_scale,5,5,272
1_ball,00004,04,lower_friction,5,5,82
1_ball,00004,04,higher_friction,5,5,234
1_ball,00004,04,lower_gravity,5,5,208
1_ball,00004,04,higher_space_iterations,5,5,91
1_ball,00004,04,lower_elasticity,5,5,99
1_ball,00004,04,default,5,5,60
1_ball,00005,00,lower_density,5,5,2015
1_ball,00005,00,higher_gravity,5,5,500
1_ball,00005,00,higher_density,5,5,1099
1_ball,00005,00,higher_time_scale,5,5,1113
1_ball,00005,00,higher_elasticity,5,5,1714
1_ball,00005,00,lower_space_iterations,5,5,384
1_ball,00005,00,lower_time_scale,5,5,1115
1_ball,00005,00,lower_friction,5,5,499
1_ball,00005,00,higher_friction,5,5,2761
1_ball,00005,00,lower_gravity,5,5,695
1_ball,00005,00,higher_space_iterations,5,5,649
1_ball,00005,00,lower_elasticity,5,5,1434
1_ball,00005,00,default,5,5,1940
1_ball,00005,01,lower_density,5,5,205
1_ball,00005,01,higher_gravity,5,5,212
1_ball,00005,01,higher_density,5,5,79
1_ball,00005,01,higher_time_scale,5,5,124
1_ball,00005,01,higher_elasticity,5,5,30
1_ball,00005,01,lower_space_iterations,5,5,153
1_ball,00005,01,lower_time_scale,5,5,135
1_ball,00005,01,lower_friction,5,5,189
1_ball,00005,01,higher_friction,5,5,274
1_ball,00005,01,lower_gravity,5,5,165
1_ball,00005,01,higher_space_iterations,5,5,218
1_ball,00005,01,lower_elasticity,5,5,140
1_ball,00005,01,default,5,5,164
1_ball,00005,02,lower_density,5,5,35
1_ball,00005,02,higher_gravity,5,5,52
1_ball,00005,02,higher_density,5,5,41
1_ball,00005,02,higher_time_scale,5,5,108
1_ball,00005,02,higher_elasticity,5,5,91
1_ball,00005,02,lower_space_iterations,5,5,92
1_ball,00005,02,lower_time_scale,5,5,82
1_ball,00005,02,lower_friction,5,5,70
1_ball,00005,02,higher_friction,5,5,75
1_ball,00005,02,lower_gravity,5,5,132
1_ball,00005,02,higher_space_iterations,5,5,67
1_ball,00005,02,lower_elasticity,5,5,33
1_ball,00005,02,default,5,5,90
1_ball,00005,03,lower_density,5,5,2490
1_ball,00005,03,higher_gravity,5,5,790
1_ball,00005,03,higher_density,5,5,1116
1_ball,00005,03,higher_time_scale,5,5,1578
1_ball,00005,03,higher_elasticity,5,5,589
1_ball,00005,03,lower_space_iterations,5,5,820
1_ball,00005,03,lower_time_scale,5,5,1423
1_ball,00005,03,lower_friction,5,5,658
1_ball,00005,03,higher_friction,5,5,1976
1_ball,00005,03,lower_gravity,5,5,1995
1_ball,00005,03,higher_space_iterations,5,5,514
1_ball,00005,03,lower_elasticity,5,5,1679
1_ball,00005,03,default,5,5,1340
1_ball,00005,04,lower_density,5,5,2658
1_ball,00005,04,higher_gravity,5,5,3408
1_ball,00005,04,higher_density,5,5,1716
1_ball,00005,04,higher_time_scale,5,5,1464
1_ball,00005,04,higher_elasticity,5,5,2538
1_ball,00005,04,lower_space_iterations,5,5,2136
1_ball,00005,04,lower_time_scale,5,5,2482
1_ball,00005,04,lower_friction,5,5,1342
1_ball,00005,04,higher_friction,5,5,981
1_ball,00005,04,lower_gravity,5,5,4739
1_ball,00005,04,higher_space_iterations,5,5,3789
1_ball,00005,04,lower_elasticity,5,5,4331
1_ball,00005,04,default,5,5,1602
1_ball,00006,00,lower_density,5,5,26
1_ball,00006,00,higher_gravity,5,5,28
1_ball,00006,00,higher_density,5,5,32
1_ball,00006,00,higher_time_scale,5,5,50
1_ball,00006,00,higher_elasticity,5,5,22
1_ball,00006,00,lower_space_iterations,5,5,41
1_ball,00006,00,lower_time_scale,5,5,16
1_ball,00006,00,lower_friction,5,5,20
1_ball,00006,00,higher_friction,5,5,18
1_ball,00006,00,lower_gravity,5,5,53
1_ball,00006,00,higher_space_iterations,5,5,54
1_ball,00006,00,lower_elasticity,5,5,33
1_ball,00006,00,default,5,5,17
1_ball,00006,01,lower_density,5,5,130
1_ball,00006,01,higher_gravity,5,5,164
1_ball,00006,01,higher_density,5,5,183
1_ball,00006,01,higher_time_scale,5,5,94
1_ball,00006,01,higher_elasticity,5,5,47
1_ball,00006,01,lower_space_iterations,5,5,83
1_ball,00006,01,lower_time_scale,5,5,32
1_ball,00006,01,lower_friction,5,5,74
1_ball,00006,01,higher_friction,5,5,138
1_ball,00006,01,lower_gravity,5,5,96
1_ball,00006,01,higher_space_iterations,5,5,192
1_ball,00006,01,lower_elasticity,5,5,118
1_ball,00006,01,default,5,5,52
1_ball,00006,02,lower_density,5,5,13
1_ball,00006,02,higher_gravity,5,5,34
1_ball,00006,02,higher_density,5,5,80
1_ball,00006,02,higher_time_scale,5,5,88
1_ball,00006,02,higher_elasticity,5,5,74
1_ball,00006,02,lower_space_iterations,5,5,55
1_ball,00006,02,lower_time_scale,5,5,42
1_ball,00006,02,lower_friction,5,5,49
1_ball,00006,02,higher_friction,5,5,84
1_ball,00006,02,lower_gravity,5,5,45
1_ball,00006,02,higher_space_iterations,5,5,54
1_ball,00006,02,lower_elasticity,5,5,71
1_ball,00006,02,default,5,5,54
1_ball,00006,03,lower_density,5,5,48
1_ball,00006,03,higher_gravity,5,5,66
1_ball,00006,03,higher_density,5,5,34
1_ball,00006,03,higher_time_scale,5,5,31
1_ball,00006,03,higher_elasticity,5,5,19
1_ball,00006,03,lower_space_iterations,5,5,79
1_ball,00006,03,lower_time_scale,5,5,44
1_ball,00006,03,lower_friction,5,5,20
1_ball,00006,03,higher_friction,5,5,19
1_ball,00006,03,lower_gravity,5,5,33
1_ball,00006,03,higher_space_iterations,5,5,25
1_ball,00006,03,lower_elasticity,5,5,33
1_ball,00006,03,default,5,5,14
1_ball,00006,04,lower_density,5,5,53
1_ball,00006,04,higher_gravity,5,5,32
1_ball,00006,04,higher_density,5,5,34
1_ball,00006,04,higher_time_scale,5,5,69
1_ball,00006,04,higher_elasticity,5,5,30
1_ball,00006,04,lower_space_iterations,5,5,43
1_ball,00006,04,lower_time_scale,5,5,39
1_ball,00006,04,lower_friction,5,5,37
1_ball,00006,04,higher_friction,5,5,71
1_ball,00006,04,lower_gravity,5,5,40
1_ball,00006,04,higher_space_iterations,5,5,59
1_ball,00006,04,lower_elasticity,5,5,73
1_ball,00006,04,default,5,5,59
1_ball,00007,00,lower_density,5,5,48
1_ball,00007,00,higher_gravity,5,5,37
1_ball,00007,00,higher_density,5,5,30
1_ball,00007,00,higher_time_scale,5,5,37
1_ball,00007,00,higher_elasticity,5,5,15
1_ball,00007,00,lower_space_iterations,5,5,39
1_ball,00007,00,lower_time_scale,5,5,12
1_ball,00007,00,lower_friction,5,5,13
1_ball,00007,00,higher_friction,5,5,25
1_ball,00007,00,lower_gravity,5,5,17
1_ball,00007,00,higher_space_iterations,5,5,40
1_ball,00007,00,lower_elasticity,5,5,60
1_ball,00007,00,default,5,5,59
1_ball,00007,01,lower_density,5,5,37
1_ball,00007,01,higher_gravity,5,5,35
1_ball,00007,01,higher_density,5,5,65
1_ball,00007,01,higher_time_scale,5,5,26
1_ball,00007,01,higher_elasticity,5,5,20
1_ball,00007,01,lower_space_iterations,5,5,18
1_ball,00007,01,lower_time_scale,5,5,33
1_ball,00007,01,lower_friction,5,5,35
1_ball,00007,01,higher_friction,5,5,16
1_ball,00007,01,lower_gravity,5,5,33
1_ball,00007,01,higher_space_iterations,5,5,30
1_ball,00007,01,lower_elasticity,0,5,4
1_ball,00007,01,default,5,5,65
1_ball,00007,02,lower_density,5,5,146
1_ball,00007,02,higher_gravity,5,5,266
1_ball,00007,02,higher_density,5,5,81
1_ball,00007,02,higher_time_scale,5,5,140
1_ball,00007,02,higher_elasticity,5,5,53
1_ball,00007,02,lower_space_iterations,5,5,85
1_ball,00007,02,lower_time_scale,5,5,108
1_ball,00007,02,lower_friction,5,5,99
1_ball,00007,02,higher_friction,5,5,90
1_ball,00007,02,lower_gravity,5,5,117
1_ball,00007,02,higher_space_iterations,5,5,65
1_ball,00007,02,lower_elasticity,0,5,4
1_ball,00007,02,default,5,5,80
1_ball,00007,03,lower_density,5,5,32
1_ball,00007,03,higher_gravity,5,5,15
1_ball,00007,03,higher_density,5,5,9
1_ball,00007,03,higher_time_scale,5,5,46
1_ball,00007,03,higher_elasticity,5,5,34
1_ball,00007,03,lower_space_iterations,5,5,21
1_ball,00007,03,lower_time_scale,5,5,27
1_ball,00007,03,lower_friction,5,5,36
1_ball,00007,03,higher_friction,5,5,42
1_ball,00007,03,lower_gravity,5,5,44
1_ball,00007,03,higher_space_iterations,5,5,24
1_ball,00007,03,lower_elasticity,0,5,4
1_ball,00007,03,default,5,5,25
1_ball,00007,04,lower_density,5,5,3792
1_ball,00007,04,higher_gravity,5,5,3430
1_ball,00007,04,higher_density,5,5,3323
1_ball,00007,04,higher_time_scale,3,5,9187
1_ball,00007,04,higher_elasticity,5,5,10
1_ball,00007,04,lower_space_iterations,5,5,4046
1_ball,00007,04,lower_time_scale,5,5,2619
1_ball,00007,04,lower_friction,5,5,142
1_ball,00007,04,higher_friction,5,5,2341
1_ball,00007,04,lower_gravity,5,5,2072
1_ball,00007,04,higher_space_iterations,5,5,4148
1_ball,00007,04,default,5,5,2430
1_ball,00008,00,lower_density,5,5,17
1_ball,00008,00,higher_gravity,5,5,19
1_ball,00008,00,higher_density,5,5,13
1_ball,00008,00,higher_time_scale,5,5,37
1_ball,00008,00,higher_elasticity,5,5,110
1_ball,00008,00,lower_space_iterations,5,5,25
1_ball,00008,00,lower_time_scale,5,5,31
1_ball,00008,00,lower_friction,5,5,18
1_ball,00008,00,higher_friction,5,5,9
1_ball,00008,00,lower_gravity,5,5,27
1_ball,00008,00,higher_space_iterations,5,5,33
1_ball,00008,00,lower_elasticity,5,5,48
1_ball,00008,00,default,5,5,20
1_ball,00008,01,lower_density,5,5,130
1_ball,00008,01,higher_gravity,5,5,175
1_ball,00008,01,higher_density,5,5,121
1_ball,00008,01,higher_time_scale,5,5,47
1_ball,00008,01,higher_elasticity,5,5,64
1_ball,00008,01,lower_space_iterations,5,5,132
1_ball,00008,01,lower_time_scale,5,5,320
1_ball,00008,01,lower_friction,5,5,127
1_ball,00008,01,higher_friction,5,5,194
1_ball,00008,01,lower_gravity,5,5,295
1_ball,00008,01,higher_space_iterations,5,5,252
1_ball,00008,01,lower_elasticity,5,5,208
1_ball,00008,01,default,5,5,307
1_ball,00008,02,lower_density,3,5,9015
1_ball,00008,02,higher_gravity,4,5,9446
1_ball,00008,02,higher_density,3,5,9220
1_ball,00008,02,higher_time_scale,3,5,9794
1_ball,00008,02,higher_elasticity,5,5,3158
1_ball,00008,02,lower_space_iterations,5,5,9675
1_ball,00008,02,lower_time_scale,4,5,9314
1_ball,00008,02,lower_friction,3,5,8927
1_ball,00008,02,higher_friction,2,5,4629
1_ball,00008,02,lower_gravity,2,5,8929
1_ball,00008,02,higher_space_iterations,4,5,6977
1_ball,00008,02,lower_elasticity,4,5,7587
1_ball,00008,02,default,4,5,6052
1_ball,00008,03,lower_density,5,5,178
1_ball,00008,03,higher_gravity,5,5,170
1_ball,00008,03,higher_density,5,5,20
1_ball,00008,03,higher_time_scale,5,5,180
1_ball,00008,03,higher_elasticity,5,5,141
1_ball,00008,03,lower_space_iterations,5,5,160
1_ball,00008,03,lower_time_scale,5,5,123
1_ball,00008,03,lower_friction,5,5,172
1_ball,00008,03,higher_friction,5,5,145
1_ball,00008,03,lower_gravity,5,5,109
1_ball,00008,03,higher_space_iterations,5,5,216
1_ball,00008,03,lower_elasticity,5,5,75
1_ball,00008,03,default,5,5,47
1_ball,00008,04,lower_density,5,5,6306
1_ball,00008,04,higher_gravity,5,5,5712
1_ball,00008,04,higher_density,5,5,7571
1_ball,00008,04,higher_time_scale,5,5,6029
1_ball,00008,04,higher_elasticity,5,5,64
1_ball,00008,04,lower_space_iterations,3,5,4642
1_ball,00008,04,lower_time_scale,5,5,6197
1_ball,00008,04,lower_friction,3,5,8785
1_ball,00008,04,higher_friction,4,5,8651
1_ball,00008,04,lower_gravity,5,5,6037
1_ball,00008,04,higher_space_iterations,4,5,9855
1_ball,00008,04,lower_elasticity,5,5,7370
1_ball,00008,04,default,4,5,8979
1_ball,00009,00,lower_density,5,5,640
1_ball,00009,00,higher_gravity,5,5,1029
1_ball,00009,00,higher_density,5,5,907
1_ball,00009,00,higher_time_scale,5,5,1378
1_ball,00009,00,higher_elasticity,5,5,598
1_ball,00009,00,lower_space_iterations,5,5,2204
1_ball,00009,00,lower_time_scale,5,5,938
1_ball,00009,00,lower_friction,5,5,304
1_ball,00009,00,higher_friction,5,5,1759
1_ball,00009,00,lower_gravity,5,5,574
1_ball,00009,00,higher_space_iterations,5,5,1368
1_ball,00009,00,lower_elasticity,5,5,1999
1_ball,00009,00,default,5,5,749
1_ball,00009,01,lower_density,5,5,463
1_ball,00009,01,higher_gravity,5,5,892
1_ball,00009,01,higher_density,5,5,445
1_ball,00009,01,higher_time_scale,5,5,458
1_ball,00009,01,higher_elasticity,5,5,853
1_ball,00009,01,lower_space_iterations,5,5,578
1_ball,00009,01,lower_time_scale,5,5,1945
1_ball,00009,01,lower_friction,5,5,613
1_ball,00009,01,higher_friction,5,5,9679
1_ball,00009,01,lower_gravity,5,5,410
1_ball,00009,01,higher_space_iterations,5,5,917
1_ball,00009,01,lower_elasticity,5,5,983
1_ball,00009,01,default,5,5,1466
1_ball,00009,02,lower_density,5,5,977
1_ball,00009,02,higher_gravity,5,5,367
1_ball,00009,02,higher_density,5,5,472
1_ball,00009,02,higher_time_scale,5,5,586
1_ball,00009,02,higher_elasticity,5,5,887
1_ball,00009,02,lower_space_iterations,5,5,1541
1_ball,00009,02,lower_time_scale,5,5,920
1_ball,00009,02,lower_friction,5,5,1221
1_ball,00009,02,higher_friction,5,5,5199
1_ball,00009,02,lower_gravity,5,5,1249
1_ball,00009,02,higher_space_iterations,5,5,528
1_ball,00009,02,lower_elasticity,5,5,629
1_ball,00009,02,default,5,5,246
1_ball,00009,03,lower_density,5,5,1490
1_ball,00009,03,higher_gravity,5,5,521
1_ball,00009,03,higher_density,5,5,319
1_ball,00009,03,higher_time_scale,5,5,557
1_ball,00009,03,higher_elasticity,5,5,1016
1_ball,00009,03,lower_space_iterations,5,5,683
1_ball,00009,03,lower_time_scale,5,5,1395
1_ball,00009,03,lower_friction,5,5,591
1_ball,00009,03,higher_friction,5,5,4293
1_ball,00009,03,lower_gravity,5,5,1014
1_ball,00009,03,higher_space_iterations,5,5,131
1_ball,00009,03,lower_elasticity,5,5,806
1_ball,00009,03,default,5,5,525
1_ball,00009,04,lower_density,5,5,1880
1_ball,00009,04,higher_gravity,5,5,921
1_ball,00009,04,higher_density,5,5,2683
1_ball,00009,04,higher_time_scale,5,5,1396
1_ball,00009,04,higher_elasticity,5,5,2392
1_ball,00009,04,lower_space_iterations,5,5,1630
1_ball,00009,04,lower_time_scale,5,5,1081
1_ball,00009,04,lower_friction,5,5,1797
1_ball,00009,04,higher_friction,4,5,9498
1_ball,00009,04,lower_gravity,5,5,2106
1_ball,00009,04,higher_space_iterations,5,5,1296
1_ball,00009,04,lower_elasticity,5,5,1295
1_ball,00009,04,default,5,5,1581
1_ball,00010,00,lower_density,5,5,2634
1_ball,00010,00,higher_gravity,5,5,3289
1_ball,00010,00,higher_density,5,5,5345
1_ball,00010,00,higher_time_scale,5,5,8616
1_ball,00010,00,higher_elasticity,5,5,3813
1_ball,00010,00,lower_space_iterations,0,5,4
1_ball,00010,00,lower_time_scale,5,5,4388
1_ball,00010,00,lower_friction,0,5,4
1_ball,00010,00,higher_friction,5,5,340
1_ball,00010,00,lower_gravity,5,5,3377
1_ball,00010,00,higher_space_iterations,5,5,1693
1_ball,00010,00,lower_elasticity,0,5,4
1_ball,00010,00,default,5,5,6980
1_ball,00010,01,lower_density,5,5,330
1_ball,00010,01,higher_gravity,5,5,457
1_ball,00010,01,higher_density,5,5,194
1_ball,00010,01,higher_time_scale,5,5,429
1_ball,00010,01,higher_elasticity,5,5,706
1_ball,00010,01,lower_space_iterations,5,5,347
1_ball,00010,01,lower_time_scale,5,5,508
1_ball,00010,01,lower_friction,5,5,294
1_ball,00010,01,higher_friction,5,5,124
1_ball,00010,01,lower_gravity,5,5,464
1_ball,00010,01,higher_space_iterations,5,5,201
1_ball,00010,01,lower_elasticity,5,5,560
1_ball,00010,01,default,5,5,164
1_ball,00010,02,lower_density,5,5,3171
1_ball,00010,02,higher_gravity,5,5,2508
1_ball,00010,02,higher_density,5,5,2308
1_ball,00010,02,higher_time_scale,5,5,1629
1_ball,00010,02,higher_elasticity,5,5,212
1_ball,00010,02,lower_space_iterations,5,5,2948
1_ball,00010,02,lower_time_scale,5,5,3034
1_ball,00010,02,lower_friction,5,5,2083
1_ball,00010,02,higher_friction,5,5,1348
1_ball,00010,02,lower_gravity,5,5,4527
1_ball,00010,02,higher_space_iterations,5,5,2922
1_ball,00010,02,lower_elasticity,5,5,2239
1_ball,00010,02,default,5,5,1892
1_ball,00010,03,lower_density,5,5,201
1_ball,00010,03,higher_gravity,5,5,74
1_ball,00010,03,higher_density,5,5,109
1_ball,00010,03,higher_time_scale,5,5,81
1_ball,00010,03,higher_elasticity,5,5,103
1_ball,00010,03,lower_space_iterations,5,5,70
1_ball,00010,03,lower_time_scale,5,5,62
1_ball,00010,03,lower_friction,5,5,72
1_ball,00010,03,higher_friction,5,5,43
1_ball,00010,03,lower_gravity,5,5,123
1_ball,00010,03,higher_space_iterations,5,5,267
1_ball,00010,03,lower_elasticity,5,5,39
1_ball,00010,03,default,5,5,93
1_ball,00010,04,lower_density,5,5,424
1_ball,00010,04,higher_gravity,5,5,480
1_ball,00010,04,higher_density,5,5,326
1_ball,00010,04,higher_time_scale,5,5,222
1_ball,00010,04,higher_elasticity,5,5,218
1_ball,00010,04,lower_space_iterations,5,5,1745
1_ball,00010,04,lower_time_scale,5,5,455
1_ball,00010,04,lower_friction,5,5,281
1_ball,00010,04,higher_friction,5,5,842
1_ball,00010,04,lower_gravity,5,5,255
1_ball,00010,04,higher_space_iterations,5,5,383
1_ball,00010,04,lower_elasticity,5,5,1670
1_ball,00010,04,default,5,5,351
1_ball,00011,00,lower_density,1,5,4955
1_ball,00011,00,higher_gravity,0,5,4
1_ball,00011,00,higher_density,1,5,8200
1_ball,00011,00,higher_time_scale,1,5,1288
1_ball,00011,00,higher_elasticity,5,5,5644
1_ball,00011,00,lower_space_iterations,0,5,4
1_ball,00011,00,lower_time_scale,0,5,4
1_ball,00011,00,lower_friction,1,5,6512
1_ball,00011,00,higher_friction,3,5,6692
1_ball,00011,00,lower_gravity,0,5,4
1_ball,00011,00,higher_space_iterations,0,5,4
1_ball,00011,00,lower_elasticity,0,5,4
1_ball,00011,00,default,2,5,4043
1_ball,00011,01,lower_density,2,5,7263
1_ball,00011,01,higher_gravity,1,5,8255
1_ball,00011,01,higher_density,0,5,4
1_ball,00011,01,higher_time_scale,0,5,4
1_ball,00011,01,higher_elasticity,5,5,6689
1_ball,00011,01,lower_space_iterations,1,5,6473
1_ball,00011,01,lower_time_scale,2,5,9828
1_ball,00011,01,lower_friction,0,5,4
1_ball,00011,01,higher_friction,4,5,8744
1_ball,00011,01,lower_gravity,2,5,9422
1_ball,00011,01,higher_space_iterations,0,5,4
1_ball,00011,01,lower_elasticity,0,5,4
1_ball,00011,01,default,0,5,4
1_ball,00011,02,lower_density,0,5,4
1_ball,00011,02,higher_gravity,0,5,4
1_ball,00011,02,higher_density,5,5,8383
1_ball,00011,02,higher_time_scale,2,5,3457
1_ball,00011,02,higher_elasticity,2,5,7530
1_ball,00011,02,lower_space_iterations,2,5,2492
1_ball,00011,02,lower_time_scale,2,5,9592
1_ball,00011,02,lower_friction,3,5,4809
1_ball,00011,02,higher_friction,2,5,7799
1_ball,00011,02,lower_gravity,2,5,7662
1_ball,00011,02,higher_space_iterations,0,5,4
1_ball,00011,02,lower_elasticity,1,5,4356
1_ball,00011,02,default,2,5,1323
1_ball,00011,03,higher_density,3,5,7968
1_ball,00011,03,higher_elasticity,0,5,4
1_ball,00011,04,higher_elasticity,1,5,9587
1_ball,00012,00,lower_density,5,5,72
1_ball,00012,00,higher_gravity,5,5,47
1_ball,00012,00,higher_density,5,5,52
1_ball,00012,00,higher_time_scale,5,5,28
1_ball,00012,00,higher_elasticity,5,5,155
1_ball,00012,00,lower_space_iterations,5,5,86
1_ball,00012,00,lower_time_scale,5,5,99
1_ball,00012,00,lower_friction,5,5,70
1_ball,00012,00,higher_friction,5,5,71
1_ball,00012,00,lower_gravity,5,5,107
1_ball,00012,00,higher_space_iterations,5,5,47
1_ball,00012,00,lower_elasticity,5,5,82
1_ball,00012,00,default,5,5,56
1_ball,00012,01,lower_density,5,5,178
1_ball,00012,01,higher_gravity,5,5,101
1_ball,00012,01,higher_density,5,5,242
1_ball,00012,01,higher_time_scale,5,5,104
1_ball,00012,01,higher_elasticity,5,5,240
1_ball,00012,01,lower_space_iterations,5,5,232
1_ball,00012,01,lower_time_scale,5,5,190
1_ball,00012,01,lower_friction,5,5,500
1_ball,00012,01,higher_friction,5,5,202
1_ball,00012,01,lower_gravity,5,5,246
1_ball,00012,01,higher_space_iterations,5,5,246
1_ball,00012,01,lower_elasticity,5,5,104
1_ball,00012,01,default,5,5,105
1_ball,00012,02,lower_density,5,5,588
1_ball,00012,02,higher_gravity,5,5,2628
1_ball,00012,02,higher_density,5,5,253
1_ball,00012,02,higher_time_scale,5,5,2800
1_ball,00012,02,higher_elasticity,5,5,313
1_ball,00012,02,lower_space_iterations,5,5,458
1_ball,00012,02,lower_time_scale,5,5,612
1_ball,00012,02,lower_friction,5,5,79
1_ball,00012,02,higher_friction,5,5,186
1_ball,00012,02,lower_gravity,5,5,471
1_ball,00012,02,higher_space_iterations,5,5,276
1_ball,00012,02,lower_elasticity,5,5,101
1_ball,00012,02,default,5,5,505
1_ball,00012,03,lower_density,5,5,169
1_ball,00012,03,higher_gravity,5,5,259
1_ball,00012,03,higher_density,5,5,677
1_ball,00012,03,higher_time_scale,5,5,222
1_ball,00012,03,higher_elasticity,5,5,28
1_ball,00012,03,lower_space_iterations,5,5,317
1_ball,00012,03,lower_time_scale,5,5,235
1_ball,00012,03,lower_friction,5,5,227
1_ball,00012,03,higher_friction,5,5,521
1_ball,00012,03,lower_gravity,5,5,164
1_ball,00012,03,higher_space_iterations,5,5,180
1_ball,00012,03,lower_elasticity,5,5,532
1_ball,00012,03,default,5,5,165
1_ball,00012,04,lower_density,5,5,8780
1_ball,00012,04,higher_gravity,3,5,9697
1_ball,00012,04,higher_density,3,5,7471
1_ball,00012,04,higher_time_scale,5,5,6581
1_ball,00012,04,higher_elasticity,5,5,61
1_ball,00012,04,lower_space_iterations,4,5,8400
1_ball,00012,04,lower_time_scale,5,5,2841
1_ball,00012,04,lower_friction,3,5,5859
1_ball,00012,04,higher_friction,5,5,8162
1_ball,00012,04,lower_gravity,3,5,9777
1_ball,00012,04,higher_space_iterations,5,5,8779
1_ball,00012,04,lower_elasticity,5,5,6832
1_ball,00012,04,default,3,5,9578
1_ball,00013,00,lower_density,0,5,4
1_ball,00013,00,higher_gravity,0,5,4
1_ball,00013,00,higher_density,0,5,4
1_ball,00013,00,higher_time_scale,0,5,4
1_ball,00013,00,higher_elasticity,5,5,7797
1_ball,00013,00,lower_space_iterations,0,5,4
1_ball,00013,00,lower_time_scale,0,5,4
1_ball,00013,00,lower_friction,0,5,4
1_ball,00013,00,higher_friction,0,5,4
1_ball,00013,00,lower_gravity,0,5,4
1_ball,00013,00,higher_space_iterations,0,5,4
1_ball,00013,00,lower_elasticity,0,5,4
1_ball,00013,00,default,0,5,4
1_ball,00013,01,lower_density,5,5,1063
1_ball,00013,01,higher_gravity,5,5,772
1_ball,00013,01,higher_density,5,5,1501
1_ball,00013,01,higher_time_scale,5,5,381
1_ball,00013,01,higher_elasticity,5,5,789
1_ball,00013,01,lower_space_iterations,5,5,605
1_ball,00013,01,lower_time_scale,5,5,330
1_ball,00013,01,lower_friction,5,5,760
1_ball,00013,01,higher_friction,5,5,492
1_ball,00013,01,lower_gravity,5,5,1582
1_ball,00013,01,higher_space_iterations,5,5,1569
1_ball,00013,01,lower_elasticity,5,5,1252
1_ball,00013,01,default,5,5,774
1_ball,00013,02,lower_density,5,5,8026
1_ball,00013,02,higher_gravity,5,5,9341
1_ball,00013,02,higher_density,5,5,7220
1_ball,00013,02,higher_time_scale,5,5,4302
1_ball,00013,02,higher_elasticity,5,5,5146
1_ball,00013,02,lower_space_iterations,5,5,3478
1_ball,00013,02,lower_time_scale,5,5,5600
1_ball,00013,02,lower_friction,0,5,4
1_ball,00013,02,higher_friction,5,5,3712
1_ball,00013,02,lower_gravity,5,5,5918
1_ball,00013,02,higher_space_iterations,5,5,7135
1_ball,00013,02,lower_elasticity,0,5,4
1_ball,00013,02,default,5,5,6030
1_ball,00013,03,lower_density,5,5,20
1_ball,00013,03,higher_gravity,5,5,205
1_ball,00013,03,higher_density,5,5,128
1_ball,00013,03,higher_time_scale,5,5,107
1_ball,00013,03,higher_elasticity,5,5,177
1_ball,00013,03,lower_space_iterations,5,5,74
1_ball,00013,03,lower_time_scale,5,5,189
1_ball,00013,03,lower_friction,5,5,101
1_ball,00013,03,higher_friction,5,5,99
1_ball,00013,03,lower_gravity,5,5,114
1_ball,00013,03,higher_space_iterations,5,5,156
1_ball,00013,03,lower_elasticity,5,5,59
1_ball,00013,03,default,5,5,95
1_ball,00013,04,lower_density,0,5,4
1_ball,00013,04,higher_gravity,0,5,4
1_ball,00013,04,higher_density,0,5,4
1_ball,00013,04,higher_time_scale,0,5,4
1_ball,00013,04,higher_elasticity,0,5,4
1_ball,00013,04,lower_space_iterations,0,5,4
1_ball,00013,04,lower_time_scale,0,5,4
1_ball,00013,04,lower_friction,0,5,4
1_ball,00013,04,higher_friction,0,5,4
1_ball,00013,04,lower_gravity,0,5,4
1_ball,00013,04,higher_space_iterations,0,5,4
1_ball,00013,04,lower_elasticity,0,5,4
1_ball,00013,04,default,0,5,4
1_ball,00014,00,lower_density,5,5,4412
1_ball,00014,00,higher_gravity,5,5,2669
1_ball,00014,00,higher_density,5,5,3994
1_ball,00014,00,higher_time_scale,5,5,2626
1_ball,00014,00,higher_elasticity,5,5,1693
1_ball,00014,00,lower_space_iterations,5,5,2916
1_ball,00014,00,lower_time_scale,5,5,1697
1_ball,00014,00,lower_friction,5,5,5195
1_ball,00014,00,higher_friction,5,5,4416
1_ball,00014,00,lower_gravity,5,5,2933
1_ball,00014,00,higher_space_iterations,5,5,4500
1_ball,00014,00,lower_elasticity,4,5,9463
1_ball,00014,00,default,5,5,4114
1_ball,00014,01,lower_density,5,5,4074
1_ball,00014,01,higher_gravity,5,5,4278
1_ball,00014,01,higher_density,5,5,893
1_ball,00014,01,higher_time_scale,5,5,1582
1_ball,00014,01,higher_elasticity,5,5,846
1_ball,00014,01,lower_space_iterations,5,5,3088
1_ball,00014,01,lower_time_scale,5,5,2901
1_ball,00014,01,lower_friction,5,5,978
1_ball,00014,01,higher_friction,5,5,1791
1_ball,00014,01,lower_gravity,5,5,3054
1_ball,00014,01,higher_space_iterations,5,5,2619
1_ball,00014,01,lower_elasticity,5,5,2655
1_ball,00014,01,default,5,5,3658
1_ball,00014,02,lower_density,5,5,2473
1_ball,00014,02,higher_gravity,5,5,4561
1_ball,00014,02,higher_density,5,5,8995
1_ball,00014,02,higher_time_scale,5,5,5158
1_ball,00014,02,higher_elasticity,5,5,613
1_ball,00014,02,lower_space_iterations,5,5,6846
1_ball,00014,02,lower_time_scale,5,5,2937
1_ball,00014,02,lower_friction,5,5,2704
1_ball,00014,02,higher_friction,5,5,7442
1_ball,00014,02,lower_gravity,3,5,6857
1_ball,00014,02,higher_space_iterations,5,5,3204
1_ball,00014,02,lower_elasticity,5,5,3522
1_ball,00014,02,default,5,5,6404
1_ball,00014,03,lower_density,5,5,286
1_ball,00014,03,higher_gravity,5,5,167
1_ball,00014,03,higher_density,5,5,123
1_ball,00014,03,higher_time_scale,5,5,196
1_ball,00014,03,higher_elasticity,5,5,140
1_ball,00014,03,lower_space_iterations,5,5,108
1_ball,00014,03,lower_time_scale,5,5,61
1_ball,00014,03,lower_friction,5,5,199
1_ball,00014,03,higher_friction,5,5,126
1_ball,00014,03,lower_gravity,5,5,171
1_ball,00014,03,higher_space_iterations,5,5,217
1_ball,00014,03,lower_elasticity,5,5,291
1_ball,00014,03,default,5,5,204
1_ball,00014,04,lower_density,5,5,4547
1_ball,00014,04,higher_gravity,5,5,7167
1_ball,00014,04,higher_density,5,5,9520
1_ball,00014,04,higher_time_scale,5,5,5428
1_ball,00014,04,higher_elasticity,5,5,4135
1_ball,00014,04,lower_space_iterations,5,5,6634
1_ball,00014,04,lower_time_scale,1,5,2265
1_ball,00014,04,lower_friction,3,5,9917
1_ball,00014,04,higher_friction,5,5,2435
1_ball,00014,04,lower_gravity,5,5,8264
1_ball,00014,04,higher_space_iterations,5,5,4429
1_ball,00014,04,lower_elasticity,4,5,8697
1_ball,00014,04,default,1,5,7260
1_ball,00015,00,lower_density,5,5,201
1_ball,00015,00,higher_gravity,5,5,122
1_ball,00015,00,higher_density,5,5,56
1_ball,00015,00,higher_time_scale,5,5,98
1_ball,00015,00,higher_elasticity,5,5,121
1_ball,00015,00,lower_space_iterations,5,5,163
1_ball,00015,00,lower_time_scale,5,5,212
1_ball,00015,00,lower_friction,5,5,48
1_ball,00015,00,higher_friction,5,5,1649
1_ball,00015,00,lower_gravity,5,5,119
1_ball,00015,00,higher_space_iterations,5,5,258
1_ball,00015,00,lower_elasticity,5,5,236
1_ball,00015,00,default,5,5,150
1_ball,00015,01,lower_density,5,5,86
1_ball,00015,01,higher_gravity,5,5,85
1_ball,00015,01,higher_density,5,5,147
1_ball,00015,01,higher_time_scale,5,5,134
1_ball,00015,01,higher_elasticity,5,5,87
1_ball,00015,01,lower_space_iterations,5,5,42
1_ball,00015,01,lower_time_scale,5,5,107
1_ball,00015,01,lower_friction,5,5,47
1_ball,00015,01,higher_friction,5,5,676
1_ball,00015,01,lower_gravity,5,5,76
1_ball,00015,01,higher_space_iterations,5,5,116
1_ball,00015,01,lower_elasticity,5,5,143
1_ball,00015,01,default,5,5,120
1_ball,00015,02,lower_density,5,5,115
1_ball,00015,02,higher_gravity,5,5,170
1_ball,00015,02,higher_density,5,5,143
1_ball,00015,02,higher_time_scale,5,5,173
1_ball,00015,02,higher_elasticity,5,5,104
1_ball,00015,02,lower_space_iterations,5,5,129
1_ball,00015,02,lower_time_scale,5,5,143
1_ball,00015,02,lower_friction,5,5,136
1_ball,00015,02,higher_friction,5,5,1968
1_ball,00015,02,lower_gravity,5,5,130
1_ball,00015,02,higher_space_iterations,5,5,147
1_ball,00015,02,lower_elasticity,5,5,259
1_ball,00015,02,default,5,5,120
1_ball,00015,03,lower_density,5,5,118
1_ball,00015,03,higher_gravity,5,5,181
1_ball,00015,03,higher_density,5,5,297
1_ball,00015,03,higher_time_scale,5,5,118
1_ball,00015,03,higher_elasticity,5,5,212
1_ball,00015,03,lower_space_iterations,5,5,267
1_ball,00015,03,lower_time_scale,5,5,157
1_ball,00015,03,lower_friction,5,5,107
1_ball,00015,03,higher_friction,5,5,3144
1_ball,00015,03,lower_gravity,5,5,165
1_ball,00015,03,higher_space_iterations,5,5,176
1_ball,00015,03,lower_elasticity,5,5,336
1_ball,00015,03,default,5,5,112
1_ball,00015,04,lower_density,5,5,116
1_ball,00015,04,higher_gravity,5,5,98
1_ball,00015,04,higher_density,5,5,196
1_ball,00015,04,higher_time_scale,5,5,87
1_ball,00015,04,higher_elasticity,5,5,108
1_ball,00015,04,lower_space_iterations,5,5,78
1_ball,00015,04,lower_time_scale,5,5,161
1_ball,00015,04,lower_friction,5,5,31
1_ball,00015,04,higher_friction,5,5,3688
1_ball,00015,04,lower_gravity,5,5,266
1_ball,00015,04,higher_space_iterations,5,5,331
1_ball,00015,04,lower_elasticity,5,5,329
1_ball,00015,04,default,5,5,154
1_ball,00016,00,lower_density,0,5,4
1_ball,00016,00,higher_gravity,0,5,4
1_ball,00016,00,higher_density,0,5,4
1_ball,00016,00,higher_time_scale,0,5,4
1_ball,00016,00,higher_elasticity,1,5,397
1_ball,00016,00,lower_space_iterations,0,5,4
1_ball,00016,00,lower_time_scale,0,5,4
1_ball,00016,00,lower_friction,1,5,3186
1_ball,00016,00,higher_friction,0,5,4
1_ball,00016,00,lower_gravity,0,5,4
1_ball,00016,00,higher_space_iterations,0,5,4
1_ball,00016,00,lower_elasticity,0,5,4
1_ball,00016,00,default,0,5,4
1_ball,00016,01,lower_density,0,5,4
1_ball,00016,01,higher_gravity,0,5,4
1_ball,00016,01,higher_density,0,5,4
1_ball,00016,01,higher_time_scale,0,5,4
1_ball,00016,01,higher_elasticity,0,5,4
1_ball,00016,01,lower_space_iterations,0,5,4
1_ball,00016,01,lower_time_scale,0,5,4
1_ball,00016,01,lower_friction,0,5,4
1_ball,00016,01,higher_friction,0,5,4
1_ball,00016,01,lower_gravity,0,5,4
1_ball,00016,01,higher_space_iterations,0,5,4
1_ball,00016,01,lower_elasticity,0,5,4
1_ball,00016,01,default,0,5,4
1_ball,00016,02,lower_density,0,5,4
1_ball,00016,02,higher_gravity,0,5,4
1_ball,00016,02,higher_density,0,5,4
1_ball,00016,02,higher_time_scale,0,5,4
1_ball,00016,02,higher_elasticity,0,5,4
1_ball,00016,02,lower_space_iterations,0,5,4
1_ball,00016,02,lower_time_scale,0,5,4
1_ball,00016,02,lower_friction,0,5,4
1_ball,00016,02,higher_friction,0,5,4
1_ball,00016,02,lower_gravity,0,5,4
1_ball,00016,02,higher_space_iterations,0,5,4
1_ball,00016,02,lower_elasticity,0,5,4
1_ball,00016,02,default,0,5,4
1_ball,00017,00,lower_density,5,5,427
1_ball,00017,00,higher_gravity,5,5,257
1_ball,00017,00,higher_density,5,5,254
1_ball,00017,00,higher_time_scale,5,5,285
1_ball,00017,00,higher_elasticity,5,5,157
1_ball,00017,00,lower_space_iterations,5,5,380
1_ball,00017,00,lower_time_scale,5,5,464
1_ball,00017,00,lower_friction,5,5,135
1_ball,00017,00,higher_friction,5,5,214
1_ball,00017,00,lower_gravity,5,5,149
1_ball,00017,00,higher_space_iterations,5,5,390
1_ball,00017,00,lower_elasticity,5,5,609
1_ball,00017,00,default,5,5,554
1_ball,00017,01,lower_density,5,4,8229
1_ball,00017,01,higher_gravity,5,3,3827
1_ball,00017,01,higher_density,5,0,4
1_ball,00017,01,higher_time_scale,5,2,3334
1_ball,00017,01,higher_elasticity,5,1,2351
1_ball,00017,01,lower_space_iterations,5,4,8132
1_ball,00017,01,lower_time_scale,5,1,1965
1_ball,00017,01,lower_friction,5,0,4
1_ball,00017,01,higher_friction,5,5,182
1_ball,00017,01,lower_gravity,5,0,4
1_ball,00017,01,higher_space_iterations,5,5,54
1_ball,00017,01,lower_elasticity,5,1,8394
1_ball,00017,01,default,5,0,4
1_ball,00017,02,lower_density,5,5,3325
1_ball,00017,02,higher_gravity,5,5,2713
1_ball,00017,02,higher_density,5,5,1158
1_ball,00017,02,higher_time_scale,5,5,2780
1_ball,00017,02,higher_elasticity,5,5,1798
1_ball,00017,02,lower_space_iterations,5,5,1837
1_ball,00017,02,lower_time_scale,5,5,4930
1_ball,00017,02,lower_friction,5,5,962
1_ball,00017,02,higher_friction,5,5,521
1_ball,00017,02,lower_gravity,5,5,2664
1_ball,00017,02,higher_space_iterations,5,5,23
1_ball,00017,02,lower_elasticity,5,5,2233
1_ball,00017,02,default,5,5,2060
1_ball,00017,03,lower_density,5,5,755
1_ball,00017,03,higher_gravity,5,5,1640
1_ball,00017,03,higher_density,5,5,1347
1_ball,00017,03,higher_time_scale,5,5,1304
1_ball,00017,03,higher_elasticity,5,5,278
1_ball,00017,03,lower_space_iterations,5,5,1693
1_ball,00017,03,lower_time_scale,5,5,1022
1_ball,00017,03,lower_friction,5,5,152
1_ball,00017,03,higher_friction,5,5,216
1_ball,00017,03,lower_gravity,5,5,1429
1_ball,00017,03,higher_space_iterations,5,5,304
1_ball,00017,03,lower_elasticity,5,5,2781
1_ball,00017,03,default,5,5,1163
1_ball,00017,04,lower_density,5,5,50
1_ball,00017,04,higher_gravity,5,5,194
1_ball,00017,04,higher_density,5,5,68
1_ball,00017,04,higher_time_scale,5,5,128
1_ball,00017,04,higher_elasticity,5,5,54
1_ball,00017,04,lower_space_iterations,5,5,68
1_ball,00017,04,lower_time_scale,5,5,21
1_ball,00017,04,lower_friction,5,5,286
1_ball,00017,04,higher_friction,5,5,100
1_ball,00017,04,lower_gravity,5,5,83
1_ball,00017,04,higher_space_iterations,5,5,52
1_ball,00017,04,lower_elasticity,5,5,151
1_ball,00017,04,default,5,5,116
1_ball,00018,00,lower_density,1,5,2884
1_ball,00018,00,higher_gravity,0,5,4
1_ball,00018,00,higher_density,0,5,4
1_ball,00018,00,higher_time_scale,0,5,4
1_ball,00018,00,higher_elasticity,0,5,4
1_ball,00018,00,lower_space_iterations,0,5,4
1_ball,00018,00,lower_time_scale,0,5,4
1_ball,00018,00,lower_friction,1,5,5250
1_ball,00018,00,higher_friction,1,5,5125
1_ball,00018,00,lower_gravity,0,5,4
1_ball,00018,00,higher_space_iterations,1,5,6052
1_ball,00018,00,lower_elasticity,0,5,4
1_ball,00018,00,default,0,5,4
1_ball,00018,01,lower_density,1,5,8160
1_ball,00018,01,higher_gravity,0,5,4
1_ball,00018,01,higher_density,0,5,4
1_ball,00018,01,higher_time_scale,2,5,6376
1_ball,00018,01,higher_elasticity,0,5,4
1_ball,00018,01,lower_space_iterations,2,5,7757
1_ball,00018,01,lower_time_scale,0,5,4
1_ball,00018,01,lower_friction,5,5,4013
1_ball,00018,01,higher_friction,1,5,4625
1_ball,00018,01,lower_gravity,0,5,4
1_ball,00018,01,higher_space_iterations,0,5,4
1_ball,00018,01,lower_elasticity,0,5,4
1_ball,00018,01,default,0,5,4
1_ball,00018,02,lower_density,0,5,4
1_ball,00018,02,higher_gravity,0,5,4
1_ball,00018,02,higher_density,0,5,4
1_ball,00018,02,higher_time_scale,0,5,4
1_ball,00018,02,higher_elasticity,2,5,9729
1_ball,00018,02,lower_space_iterations,0,5,4
1_ball,00018,02,lower_time_scale,0,5,4
1_ball,00018,02,lower_friction,2,5,1812
1_ball,00018,02,higher_friction,0,5,4
1_ball,00018,02,lower_gravity,0,5,4
1_ball,00018,02,higher_space_iterations,0,5,4
1_ball,00018,02,lower_elasticity,0,5,4
1_ball,00018,02,default,0,5,4
1_ball,00018,03,lower_friction,2,5,8138
1_ball,00019,00,lower_density,5,5,3167
1_ball,00019,00,higher_gravity,5,5,2850
1_ball,00019,00,higher_density,5,5,2406
1_ball,00019,00,higher_time_scale,5,5,1273
1_ball,00019,00,higher_elasticity,5,5,1034
1_ball,00019,00,lower_space_iterations,5,5,2368
1_ball,00019,00,lower_time_scale,5,5,4901
1_ball,00019,00,lower_friction,5,5,3749
1_ball,00019,00,higher_friction,5,5,3248
1_ball,00019,00,lower_gravity,5,5,7007
1_ball,00019,00,higher_space_iterations,5,5,2388
1_ball,00019,00,lower_elasticity,5,5,9451
1_ball,00019,00,default,5,5,4073
1_ball,00019,01,lower_density,5,5,1317
1_ball,00019,01,higher_gravity,5,5,1642
1_ball,00019,01,higher_density,5,5,1098
1_ball,00019,01,higher_time_scale,5,5,1192
1_ball,00019,01,higher_elasticity,5,5,95
1_ball,00019,01,lower_space_iterations,5,5,1331
1_ball,00019,01,lower_time_scale,5,5,1627
1_ball,00019,01,lower_friction,5,5,1237
1_ball,00019,01,higher_friction,5,5,790
1_ball,00019,01,lower_gravity,5,5,1466
1_ball,00019,01,higher_space_iterations,5,5,2747
1_ball,00019,01,lower_elasticity,5,5,2565
1_ball,00019,01,default,5,5,686
1_ball,00019,02,lower_density,2,5,4710
1_ball,00019,02,higher_gravity,5,5,7442
1_ball,00019,02,higher_density,3,5,5983
1_ball,00019,02,higher_time_scale,3,5,4690
1_ball,00019,02,higher_elasticity,5,5,1099
1_ball,00019,02,lower_space_iterations,5,5,9133
1_ball,00019,02,lower_time_scale,2,5,5437
1_ball,00019,02,lower_friction,5,5,8538
1_ball,00019,02,higher_friction,5,5,7468
1_ball,00019,02,lower_gravity,5,5,8862
1_ball,00019,02,higher_space_iterations,2,5,7736
1_ball,00019,02,lower_elasticity,0,5,4
1_ball,00019,02,default,2,5,3840
1_ball,00019,03,lower_density,5,5,1070
1_ball,00019,03,higher_gravity,5,5,2125
1_ball,00019,03,higher_density,5,5,2296
1_ball,00019,03,higher_time_scale,5,5,1777
1_ball,00019,03,higher_elasticity,5,5,677
1_ball,00019,03,lower_space_iterations,5,5,885
1_ball,00019,03,lower_time_scale,5,5,3408
1_ball,00019,03,lower_friction,5,5,1524
1_ball,00019,03,higher_friction,5,5,986
1_ball,00019,03,lower_gravity,5,5,621
1_ball,00019,03,higher_space_iterations,5,5,1078
1_ball,00019,03,lower_elasticity,5,5,1459
1_ball,00019,03,default,5,5,1240
1_ball,00019,04,lower_density,1,5,6093
1_ball,00019,04,higher_gravity,0,5,4
1_ball,00019,04,higher_density,1,5,3613
1_ball,00019,04,higher_time_scale,2,5,4080
1_ball,00019,04,higher_elasticity,5,5,1985
1_ball,00019,04,lower_space_iterations,0,5,4
1_ball,00019,04,lower_time_scale,1,5,6850
1_ball,00019,04,lower_friction,5,5,7756
1_ball,00019,04,higher_friction,5,5,9131
1_ball,00019,04,lower_gravity,1,5,1307
1_ball,00019,04,higher_space_iterations,1,5,5426
1_ball,00019,04,lower_elasticity,0,5,4
1_ball,00019,04,default,1,5,1500
1_ball,00020,00,lower_density,0,5,4
1_ball,00020,00,higher_gravity,0,5,4
1_ball,00020,00,higher_density,0,5,4
1_ball,00020,00,higher_time_scale,0,5,4
1_ball,00020,00,higher_elasticity,1,5,481
1_ball,00020,00,lower_space_iterations,0,5,4
1_ball,00020,00,lower_time_scale,0,5,4
1_ball,00020,00,lower_friction,0,5,4
1_ball,00020,00,higher_friction,0,5,4
1_ball,00020,00,lower_gravity,0,5,4
1_ball,00020,00,higher_space_iterations,0,5,4
1_ball,00020,00,lower_elasticity,0,5,4
1_ball,00020,00,default,0,5,4
1_ball,00020,01,lower_density,1,5,932
1_ball,00020,01,higher_gravity,1,5,5663
1_ball,00020,01,higher_density,3,5,6590
1_ball,00020,01,higher_time_scale,1,5,601
1_ball,00020,01,higher_elasticity,5,5,2626
1_ball,00020,01,lower_space_iterations,2,5,6602
1_ball,00020,01,lower_time_scale,1,5,8500
1_ball,00020,01,lower_friction,0,5,4
1_ball,00020,01,higher_friction,5,5,3668
1_ball,00020,01,lower_gravity,4,5,9672
1_ball,00020,01,higher_space_iterations,5,5,5492
1_ball,00020,01,lower_elasticity,0,5,4
1_ball,00020,01,default,0,5,4
1_ball,00020,02,lower_density,0,5,4
1_ball,00020,02,higher_gravity,2,5,6038
1_ball,00020,02,higher_density,0,5,4
1_ball,00020,02,higher_time_scale,0,5,4
1_ball,00020,02,higher_elasticity,2,5,9854
1_ball,00020,02,lower_space_iterations,0,5,4
1_ball,00020,02,lower_time_scale,2,5,9482
1_ball,00020,02,lower_friction,0,5,4
1_ball,00020,02,higher_friction,0,5,4
1_ball,00020,02,lower_gravity,1,5,7816
1_ball,00020,02,higher_space_iterations,1,5,744
1_ball,00020,02,lower_elasticity,1,5,418
1_ball,00020,02,default,0,5,4
1_ball,00020,03,higher_elasticity,5,5,4493
1_ball,00020,03,higher_friction,3,5,5214
1_ball,00020,03,higher_space_iterations,2,5,5894
1_ball,00020,04,higher_elasticity,2,5,9744
1_ball,00021,00,lower_density,5,5,5350
1_ball,00021,00,higher_gravity,5,5,1971
1_ball,00021,00,higher_density,5,5,1992
1_ball,00021,00,higher_time_scale,5,5,2082
1_ball,00021,00,higher_elasticity,5,5,3415
1_ball,00021,00,lower_space_iterations,5,5,4402
1_ball,00021,00,lower_time_scale,5,5,2278
1_ball,00021,00,lower_friction,5,5,8265
1_ball,00021,00,higher_friction,5,5,1762
1_ball,00021,00,lower_gravity,5,5,2229
1_ball,00021,00,higher_space_iterations,5,5,3703
1_ball,00021,00,lower_elasticity,5,5,4080
1_ball,00021,00,default,5,5,1748
1_ball,00021,01,lower_density,5,5,4428
1_ball,00021,01,higher_gravity,5,5,3317
1_ball,00021,01,higher_density,5,5,7597
1_ball,00021,01,higher_time_scale,5,5,4965
1_ball,00021,01,higher_elasticity,5,5,4798
1_ball,00021,01,lower_space_iterations,5,5,4915
1_ball,00021,01,lower_time_scale,5,5,8062
1_ball,00021,01,lower_friction,5,5,2858
1_ball,00021,01,higher_friction,4,5,8983
1_ball,00021,01,lower_gravity,5,5,4384
1_ball,00021,01,higher_space_iterations,5,5,4889
1_ball,00021,01,lower_elasticity,5,5,1668
1_ball,00021,01,default,5,5,7532
1_ball,00021,02,lower_density,5,5,1475
1_ball,00021,02,higher_gravity,5,5,4424
1_ball,00021,02,higher_density,5,5,1820
1_ball,00021,02,higher_time_scale,5,5,705
1_ball,00021,02,higher_elasticity,5,5,2710
1_ball,00021,02,lower_space_iterations,5,5,3725
1_ball,00021,02,lower_time_scale,5,5,3177
1_ball,00021,02,lower_friction,5,5,4528
1_ball,00021,02,higher_friction,5,5,3037
1_ball,00021,02,lower_gravity,5,5,5090
1_ball,00021,02,higher_space_iterations,5,5,2622
1_ball,00021,02,lower_elasticity,5,5,5318
1_ball,00021,02,default,5,5,4300
1_ball,00021,03,lower_density,5,5,7858
1_ball,00021,03,higher_gravity,5,5,8585
1_ball,00021,03,higher_density,5,5,4372
1_ball,00021,03,higher_time_scale,5,5,7173
1_ball,00021,03,higher_elasticity,5,5,9047
1_ball,00021,03,lower_space_iterations,5,5,6652
1_ball,00021,03,lower_time_scale,5,5,2127
1_ball,00021,03,lower_friction,5,5,4771
1_ball,00021,03,higher_friction,5,5,6492
1_ball,00021,03,lower_gravity,5,5,3980
1_ball,00021,03,higher_space_iterations,5,5,6572
1_ball,00021,03,lower_elasticity,5,5,6356
1_ball,00021,03,default,5,5,4921
1_ball,00021,04,lower_density,5,5,1557
1_ball,00021,04,higher_gravity,5,5,1914
1_ball,00021,04,higher_density,5,5,1685
1_ball,00021,04,higher_time_scale,5,5,1846
1_ball,00021,04,higher_elasticity,5,5,2951
1_ball,00021,04,lower_space_iterations,5,5,3027
1_ball,00021,04,lower_time_scale,5,5,2140
1_ball,00021,04,lower_friction,5,5,2873
1_ball,00021,04,higher_friction,5,5,4205
1_ball,00021,04,lower_gravity,5,5,3285
1_ball,00021,04,higher_space_iterations,5,5,1878
1_ball,00021,04,lower_elasticity,5,5,4092
1_ball,00021,04,default,5,5,2702
1_ball,00022,00,lower_density,2,5,3824
1_ball,00022,00,higher_gravity,3,5,9089
1_ball,00022,00,higher_density,5,5,8288
1_ball,00022,00,higher_time_scale,0,5,4
1_ball,00022,00,higher_elasticity,5,5,230
1_ball,00022,00,lower_space_iterations,4,5,8468
1_ball,00022,00,lower_time_scale,1,5,9634
1_ball,00022,00,lower_friction,0,5,4
1_ball,00022,00,higher_friction,5,5,7040
1_ball,00022,00,lower_gravity,2,5,3097
1_ball,00022,00,higher_space_iterations,0,5,4
1_ball,00022,00,lower_elasticity,5,5,7103
1_ball,00022,00,default,1,5,4740
1_ball,00022,01,lower_density,5,5,49
1_ball,00022,01,higher_gravity,5,5,36
1_ball,00022,01,higher_density,5,5,136
1_ball,00022,01,higher_time_scale,5,5,114
1_ball,00022,01,higher_elasticity,5,5,192
1_ball,00022,01,lower_space_iterations,5,5,132
1_ball,00022,01,lower_time_scale,5,5,128
1_ball,00022,01,lower_friction,5,5,47
1_ball,00022,01,higher_friction,5,5,508
1_ball,00022,01,lower_gravity,5,5,42
1_ball,00022,01,higher_space_iterations,5,5,59
1_ball,00022,01,lower_elasticity,5,5,89
1_ball,00022,01,default,5,5,153
1_ball,00022,02,lower_density,5,5,320
1_ball,00022,02,higher_gravity,5,5,133
1_ball,00022,02,higher_density,5,5,51
1_ball,00022,02,higher_time_scale,5,5,131
1_ball,00022,02,higher_elasticity,5,5,273
1_ball,00022,02,lower_space_iterations,5,5,222
1_ball,00022,02,lower_time_scale,5,5,845
1_ball,00022,02,lower_friction,5,5,750
1_ball,00022,02,higher_friction,5,5,79
1_ball,00022,02,lower_gravity,5,5,155
1_ball,00022,02,higher_space_iterations,5,5,225
1_ball,00022,02,lower_elasticity,5,5,55
1_ball,00022,02,default,5,5,44
1_ball,00022,03,lower_density,5,5,1557
1_ball,00022,03,higher_gravity,5,5,1655
1_ball,00022,03,higher_density,5,5,1009
1_ball,00022,03,higher_time_scale,5,5,1191
1_ball,00022,03,higher_elasticity,5,5,346
1_ball,00022,03,lower_space_iterations,5,5,1291
1_ball,00022,03,lower_time_scale,5,5,830
1_ball,00022,03,lower_friction,5,5,309
1_ball,00022,03,higher_friction,2,5,7212
1_ball,00022,03,lower_gravity,5,5,538
1_ball,00022,03,higher_space_iterations,5,5,1647
1_ball,00022,03,lower_elasticity,5,5,818
1_ball,00022,03,default,5,5,1123
1_ball,00022,04,lower_density,5,5,33
1_ball,00022,04,higher_gravity,5,5,68
1_ball,00022,04,higher_density,5,5,145
1_ball,00022,04,higher_time_scale,5,5,92
1_ball,00022,04,higher_elasticity,5,5,138
1_ball,00022,04,lower_space_iterations,5,5,137
1_ball,00022,04,lower_time_scale,5,5,160
1_ball,00022,04,lower_friction,5,5,87
1_ball,00022,04,higher_friction,5,5,287
1_ball,00022,04,lower_gravity,5,5,77
1_ball,00022,04,higher_space_iterations,5,5,94
1_ball,00022,04,lower_elasticity,5,5,78
1_ball,00022,04,default,5,5,75
1_ball,00023,00,lower_density,3,5,9495
1_ball,00023,00,higher_gravity,5,5,8459
1_ball,00023,00,higher_density,3,5,9381
1_ball,00023,00,higher_time_scale,3,5,7890
1_ball,00023,00,higher_elasticity,5,5,2297
1_ball,00023,00,lower_space_iterations,2,5,4507
1_ball,00023,00,lower_time_scale,3,5,4448
1_ball,00023,00,lower_friction,5,5,25
1_ball,00023,00,higher_friction,5,5,1666
1_ball,00023,00,lower_gravity,5,5,8035
1_ball,00023,00,higher_space_iterations,3,5,8817
1_ball,00023,00,lower_elasticity,5,5,8100
1_ball,00023,00,default,5,5,2991
1_ball,00023,01,lower_density,5,5,1023
1_ball,00023,01,higher_gravity,5,5,569
1_ball,00023,01,higher_density,5,5,1113
1_ball,00023,01,higher_time_scale,5,5,1878
1_ball,00023,01,higher_elasticity,5,5,483
1_ball,00023,01,lower_space_iterations,5,5,1660
1_ball,00023,01,lower_time_scale,5,5,998
1_ball,00023,01,lower_friction,5,5,5431
1_ball,00023,01,higher_friction,5,5,1406
1_ball,00023,01,lower_gravity,5,5,2355
1_ball,00023,01,higher_space_iterations,5,5,1531
1_ball,00023,01,lower_elasticity,5,5,1315
1_ball,00023,01,default,5,5,1167
1_ball,00023,02,lower_density,5,5,1943
1_ball,00023,02,higher_gravity,5,5,1231
1_ball,00023,02,higher_density,5,5,1534
1_ball,00023,02,higher_time_scale,5,5,3393
1_ball,00023,02,higher_elasticity,5,5,844
1_ball,00023,02,lower_space_iterations,5,5,2603
1_ball,00023,02,lower_time_scale,5,5,2684
1_ball,00023,02,lower_friction,5,5,648
1_ball,00023,02,higher_friction,5,5,2434
1_ball,00023,02,lower_gravity,5,5,3671
1_ball,00023,02,higher_space_iterations,5,5,1390
1_ball,00023,02,lower_elasticity,5,5,540
1_ball,00023,02,default,5,5,4119
1_ball,00023,03,lower_density,5,5,3567
1_ball,00023,03,higher_gravity,5,5,1790
1_ball,00023,03,higher_density,5,5,1840
1_ball,00023,03,higher_time_scale,5,5,4005
1_ball,00023,03,higher_elasticity,5,5,932
1_ball,00023,03,lower_space_iterations,5,5,3177
1_ball,00023,03,lower_time_scale,5,5,3256
1_ball,00023,03,lower_friction,5,5,1102
1_ball,00023,03,higher_friction,5,5,1134
1_ball,00023,03,lower_gravity,5,5,2587
1_ball,00023,03,higher_space_iterations,5,5,4634
1_ball,00023,03,lower_elasticity,5,5,4129
1_ball,00023,03,default,5,5,1612
1_ball,00023,04,lower_density,4,5,9334
1_ball,00023,04,higher_gravity,5,5,6221
1_ball,00023,04,higher_density,4,5,7299
1_ball,00023,04,higher_time_scale,5,5,6469
1_ball,00023,04,higher_elasticity,5,5,7438
1_ball,00023,04,lower_space_iterations,5,5,9799
1_ball,00023,04,lower_time_scale,5,5,9071
1_ball,00023,04,lower_friction,5,5,375
1_ball,00023,04,higher_friction,5,5,2277
1_ball,00023,04,lower_gravity,5,5,9695
1_ball,00023,04,higher_space_iterations,5,5,9452
1_ball,00023,04,lower_elasticity,1,5,5503
1_ball,00023,04,default,2,5,9287
1_ball,00024,00,lower_density,0,5,4
1_ball,00024,00,higher_gravity,0,5,4
1_ball,00024,00,higher_density,0,5,4
1_ball,00024,00,higher_time_scale,0,5,4
1_ball,00024,00,higher_elasticity,0,5,4
1_ball,00024,00,lower_space_iterations,0,5,4
1_ball,00024,00,lower_time_scale,0,5,4
1_ball,00024,00,lower_friction,0,5,4
1_ball,00024,00,higher_friction,0,5,4
1_ball,00024,00,lower_gravity,0,5,4
1_ball,00024,00,higher_space_iterations,0,5,4
1_ball,00024,00,lower_elasticity,0,5,4
1_ball,00024,00,default,0,5,4
1_ball,00024,01,lower_density,0,5,4
1_ball,00024,01,higher_gravity,0,5,4
1_ball,00024,01,higher_density,0,5,4
1_ball,00024,01,higher_time_scale,0,5,4
1_ball,00024,01,higher_elasticity,0,5,4
1_ball,00024,01,lower_space_iterations,0,5,4
1_ball,00024,01,lower_time_scale,0,5,4
1_ball,00024,01,lower_friction,0,5,4
1_ball,00024,01,higher_friction,0,5,4
1_ball,00024,01,lower_gravity,0,5,4
1_ball,00024,01,higher_space_iterations,0,5,4
1_ball,00024,01,lower_elasticity,0,5,4
1_ball,00024,01,default,0,5,4
1_ball,00024,02,lower_density,0,5,4
1_ball,00024,02,higher_gravity,0,5,4
1_ball,00024,02,higher_density,0,5,4
1_ball,00024,02,higher_time_scale,0,5,4
1_ball,00024,02,higher_elasticity,0,5,4
1_ball,00024,02,lower_space_iterations,0,5,4
1_ball,00024,02,lower_time_scale,0,5,4
1_ball,00024,02,lower_friction,0,5,4
1_ball,00024,02,higher_friction,0,5,4
1_ball,00024,02,lower_gravity,0,5,4
1_ball,00024,02,higher_space_iterations,0,5,4
1_ball,00024,02,lower_elasticity,0,5,4
1_ball,00024,02,default,0,5,4
2_ball,00100,00,lower_density,5,5,136
2_ball,00100,00,higher_gravity,5,5,256
2_ball,00100,00,higher_density,5,5,363
2_ball,00100,00,higher_time_scale,5,5,130
2_ball,00100,00,higher_elasticity,5,5,70
2_ball,00100,00,lower_space_iterations,5,5,409
2_ball,00100,00,lower_time_scale,5,5,333
2_ball,00100,00,lower_friction,5,5,99
2_ball,00100,00,higher_friction,5,5,3369
2_ball,00100,00,lower_gravity,5,5,684
2_ball,00100,00,higher_space_iterations,5,5,262
2_ball,00100,00,lower_elasticity,5,5,244
2_ball,00100,00,default,5,5,216
2_ball,00100,01,lower_density,5,5,124
2_ball,00100,01,higher_gravity,5,5,96
2_ball,00100,01,higher_density,5,5,100
2_ball,00100,01,higher_time_scale,5,5,30
2_ball,00100,01,higher_elasticity,5,5,293
2_ball,00100,01,lower_space_iterations,5,5,120
2_ball,00100,01,lower_time_scale,5,5,100
2_ball,00100,01,lower_friction,5,5,161
2_ball,00100,01,higher_friction,5,5,164
2_ball,00100,01,lower_gravity,5,5,111
2_ball,00100,01,higher_space_iterations,5,5,16
2_ball,00100,01,lower_elasticity,5,5,49
2_ball,00100,01,default,5,5,232
2_ball,00100,02,lower_density,5,5,52
2_ball,00100,02,higher_gravity,5,5,25
2_ball,00100,02,higher_density,5,5,53
2_ball,00100,02,higher_time_scale,5,5,61
2_ball,00100,02,higher_elasticity,5,5,146
2_ball,00100,02,lower_space_iterations,5,5,133
2_ball,00100,02,lower_time_scale,5,5,35
2_ball,00100,02,lower_friction,5,5,18
2_ball,00100,02,higher_friction,5,5,363
2_ball,00100,02,lower_gravity,5,5,35
2_ball,00100,02,higher_space_iterations,5,5,22
2_ball,00100,02,lower_elasticity,5,5,36
2_ball,00100,02,default,5,5,68
2_ball,00100,03,lower_density,5,5,124
2_ball,00100,03,higher_gravity,5,5,91
2_ball,00100,03,higher_density,5,5,172
2_ball,00100,03,higher_time_scale,5,5,231
2_ball,00100,03,higher_elasticity,5,5,182
2_ball,00100,03,lower_space_iterations,5,5,372
2_ball,00100,03,lower_time_scale,5,5,139
2_ball,00100,03,lower_friction,5,5,61
2_ball,00100,03,higher_friction,5,5,3353
2_ball,00100,03,lower_gravity,5,5,190
2_ball,00100,03,higher_space_iterations,5,5,201
2_ball,00100,03,lower_elasticity,5,5,427
2_ball,00100,03,default,5,5,235
2_ball,00100,04,lower_density,5,5,95
2_ball,00100,04,higher_gravity,5,5,157
2_ball,00100,04,higher_density,5,5,200
2_ball,00100,04,higher_time_scale,5,5,56
2_ball,00100,04,higher_elasticity,5,5,584
2_ball,00100,04,lower_space_iterations,5,5,427
2_ball,00100,04,lower_time_scale,5,5,226
2_ball,00100,04,lower_friction,5,5,63
2_ball,00100,04,higher_friction,5,5,271
2_ball,00100,04,lower_gravity,5,5,20
2_ball,00100,04,higher_space_iterations,5,5,14
2_ball,00100,04,lower_elasticity,5,5,85
2_ball,00100,04,default,5,5,127
2_ball,00101,00,lower_density,5,5,198
2_ball,00101,00,higher_gravity,5,5,214
2_ball,00101,00,higher_density,5,5,246
2_ball,00101,00,higher_time_scale,5,5,50
2_ball,00101,00,higher_elasticity,5,5,286
2_ball,00101,00,lower_space_iterations,5,5,133
2_ball,00101,00,lower_time_scale,5,5,157
2_ball,00101,00,lower_friction,5,5,107
2_ball,00101,00,higher_friction,5,5,133
2_ball,00101,00,lower_gravity,5,5,313
2_ball,00101,00,higher_space_iterations,5,5,192
2_ball,00101,00,lower_elasticity,5,5,204
2_ball,00101,00,default,5,5,232
2_ball,00101,01,lower_density,5,5,479
2_ball,00101,01,higher_gravity,5,5,218
2_ball,00101,01,higher_density,5,5,111
2_ball,00101,01,higher_time_scale,5,5,398
2_ball,00101,01,higher_elasticity,5,5,504
2_ball,00101,01,lower_space_iterations,5,5,193
2_ball,00101,01,lower_time_scale,5,5,407
2_ball,00101,01,lower_friction,5,5,456
2_ball,00101,01,higher_friction,5,5,738
2_ball,00101,01,lower_gravity,5,5,499
2_ball,00101,01,higher_space_iterations,5,5,257
2_ball,00101,01,lower_elasticity,5,5,346
2_ball,00101,01,default,5,5,252
2_ball,00101,02,lower_density,5,5,2744
2_ball,00101,02,higher_gravity,5,5,4888
2_ball,00101,02,higher_density,5,5,2040
2_ball,00101,02,higher_time_scale,5,5,1898
2_ball,00101,02,higher_elasticity,5,5,3192
2_ball,00101,02,lower_space_iterations,5,5,2284
2_ball,00101,02,lower_time_scale,5,5,1090
2_ball,00101,02,lower_friction,5,5,4950
2_ball,00101,02,higher_friction,5,5,1242
2_ball,00101,02,lower_gravity,5,5,4058
2_ball,00101,02,higher_space_iterations,5,5,2284
2_ball,00101,02,lower_elasticity,5,5,1313
2_ball,00101,02,default,5,5,4492
2_ball,00101,03,lower_density,5,5,326
2_ball,00101,03,higher_gravity,5,5,1151
2_ball,00101,03,higher_density,5,5,346
2_ball,00101,03,higher_time_scale,5,5,1259
2_ball,00101,03,higher_elasticity,5,5,933
2_ball,00101,03,lower_space_iterations,5,5,300
2_ball,00101,03,lower_time_scale,5,5,1115
2_ball,00101,03,lower_friction,5,5,405
2_ball,00101,03,higher_friction,5,5,1436
2_ball,00101,03,lower_gravity,5,5,1101
2_ball,00101,03,higher_space_iterations,5,5,1048
2_ball,00101,03,lower_elasticity,5,5,1380
2_ball,00101,03,default,5,5,1536
2_ball,00101,04,lower_density,5,5,835
2_ball,00101,04,higher_gravity,5,5,520
2_ball,00101,04,higher_density,5,5,1718
2_ball,00101,04,higher_time_scale,5,5,861
2_ball,00101,04,higher_elasticity,5,5,454
2_ball,00101,04,lower_space_iterations,5,5,480
2_ball,00101,04,lower_time_scale,5,5,1546
2_ball,00101,04,lower_friction,5,5,783
2_ball,00101,04,higher_friction,5,5,1018
2_ball,00101,04,lower_gravity,5,5,759
2_ball,00101,04,higher_space_iterations,5,5,898
2_ball,00101,04,lower_elasticity,5,5,1503
2_ball,00101,04,default,5,5,274
2_ball,00102,00,lower_density,5,5,69
2_ball,00102,00,higher_gravity,5,5,98
2_ball,00102,00,higher_density,5,5,80
2_ball,00102,00,higher_time_scale,5,5,38
2_ball,00102,00,higher_elasticity,5,5,24
2_ball,00102,00,lower_space_iterations,5,5,48
2_ball,00102,00,lower_time_scale,5,5,46
2_ball,00102,00,lower_friction,5,5,76
2_ball,00102,00,higher_friction,5,5,41
2_ball,00102,00,lower_gravity,5,5,75
2_ball,00102,00,higher_space_iterations,5,5,60
2_ball,00102,00,lower_elasticity,5,5,75
2_ball,00102,00,default,5,5,94
2_ball,00102,01,lower_density,0,5,4
2_ball,00102,01,higher_gravity,0,5,4
2_ball,00102,01,higher_density,0,5,4
2_ball,00102,01,higher_time_scale,1,5,9966
2_ball,00102,01,higher_elasticity,5,5,4794
2_ball,00102,01,lower_space_iterations,0,5,4
2_ball,00102,01,lower_time_scale,2,5,5844
2_ball,00102,01,lower_friction,0,5,4
2_ball,00102,01,higher_friction,0,5,4
2_ball,00102,01,lower_gravity,0,5,4
2_ball,00102,01,higher_space_iterations,0,5,4
2_ball,00102,01,lower_elasticity,0,5,4
2_ball,00102,01,default,2,5,9453
2_ball,00102,02,lower_density,5,5,571
2_ball,00102,02,higher_gravity,5,5,347
2_ball,00102,02,higher_density,5,5,464
2_ball,00102,02,higher_time_scale,5,5,773
2_ball,00102,02,higher_elasticity,5,5,179
2_ball,00102,02,lower_space_iterations,5,5,252
2_ball,00102,02,lower_time_scale,5,5,926
2_ball,00102,02,lower_friction,5,5,917
2_ball,00102,02,higher_friction,5,5,338
2_ball,00102,02,lower_gravity,5,5,413
2_ball,00102,02,higher_space_iterations,5,5,1107
2_ball,00102,02,lower_elasticity,5,5,2677
2_ball,00102,02,default,5,5,586
2_ball,00102,03,lower_density,5,5,2305
2_ball,00102,03,higher_gravity,5,5,3432
2_ball,00102,03,higher_density,5,5,6502
2_ball,00102,03,higher_time_scale,5,5,2152
2_ball,00102,03,higher_elasticity,5,5,926
2_ball,00102,03,lower_space_iterations,5,5,4690
2_ball,00102,03,lower_time_scale,5,5,3002
2_ball,00102,03,lower_friction,5,5,2414
2_ball,00102,03,higher_friction,5,5,2709
2_ball,00102,03,lower_gravity,5,5,4071
2_ball,00102,03,higher_space_iterations,5,5,5873
2_ball,00102,03,lower_elasticity,5,5,1980
2_ball,00102,03,default,5,5,4263
2_ball,00102,04,lower_density,5,5,59
2_ball,00102,04,higher_gravity,5,5,54
2_ball,00102,04,higher_density,5,5,80
2_ball,00102,04,higher_time_scale,5,5,49
2_ball,00102,04,higher_elasticity,5,5,106
2_ball,00102,04,lower_space_iterations,5,5,94
2_ball,00102,04,lower_time_scale,5,5,24
2_ball,00102,04,lower_friction,5,5,137
2_ball,00102,04,higher_friction,5,5,79
2_ball,00102,04,lower_gravity,5,5,137
2_ball,00102,04,higher_space_iterations,5,5,48
2_ball,00102,04,lower_elasticity,5,5,88
2_ball,00102,04,default,5,5,98
2_ball,00103,00,lower_density,5,5,8474
2_ball,00103,00,higher_gravity,5,5,5812
2_ball,00103,00,higher_density,5,5,8711
2_ball,00103,00,higher_time_scale,5,5,5036
2_ball,00103,00,higher_elasticity,1,5,4109
2_ball,00103,00,lower_space_iterations,5,5,5870
2_ball,00103,00,lower_time_scale,5,5,1988
2_ball,00103,00,lower_friction,5,5,3178
2_ball,00103,00,higher_friction,5,5,9581
2_ball,00103,00,lower_gravity,5,5,6435
2_ball,00103,00,higher_space_iterations,5,5,8537
2_ball,00103,00,lower_elasticity,5,5,1737
2_ball,00103,00,default,5,5,1618
2_ball,00103,01,lower_density,5,5,8963
2_ball,00103,01,higher_gravity,5,5,9840
2_ball,00103,01,higher_density,5,5,7225
2_ball,00103,01,higher_time_scale,3,5,7536
2_ball,00103,01,higher_elasticity,0,5,4
2_ball,00103,01,lower_space_iterations,1,5,1654
2_ball,00103,01,lower_time_scale,3,5,7331
2_ball,00103,01,lower_friction,5,5,9610
2_ball,00103,01,higher_friction,3,5,5442
2_ball,00103,01,lower_gravity,5,5,8070
2_ball,00103,01,higher_space_iterations,1,5,3373
2_ball,00103,01,lower_elasticity,5,5,688
2_ball,00103,01,default,2,5,8758
2_ball,00103,02,lower_density,3,5,8157
2_ball,00103,02,higher_gravity,0,5,4
2_ball,00103,02,higher_density,1,5,3674
2_ball,00103,02,higher_time_scale,1,5,4821
2_ball,00103,02,higher_elasticity,0,5,4
2_ball,00103,02,lower_space_iterations,3,5,5917
2_ball,00103,02,lower_time_scale,2,5,8757
2_ball,00103,02,lower_friction,3,5,9621
2_ball,00103,02,higher_friction,1,5,9467
2_ball,00103,02,lower_gravity,1,5,286
2_ball,00103,02,higher_space_iterations,1,5,4473
2_ball,00103,02,lower_elasticity,5,5,1422
2_ball,00103,02,default,2,5,7324
2_ball,00103,03,lower_density,2,5,9291
2_ball,00103,03,higher_gravity,1,5,4747
2_ball,00103,03,higher_density,0,5,4
2_ball,00103,03,higher_time_scale,0,5,4
2_ball,00103,03,lower_space_iterations,0,5,4
2_ball,00103,03,lower_time_scale,0,5,4
2_ball,00103,03,lower_friction,2,5,6234
2_ball,00103,03,higher_friction,0,5,4
2_ball,00103,03,lower_gravity,1,5,4077
2_ball,00103,03,higher_space_iterations,1,5,6746
2_ball,00103,03,lower_elasticity,5,5,9532
2_ball,00103,03,default,2,5,9843
2_ball,00103,04,lower_density,5,5,6714
2_ball,00103,04,higher_gravity,5,5,5552
2_ball,00103,04,higher_density,5,5,2095
2_ball,00103,04,lower_friction,5,5,3751
2_ball,00103,04,lower_gravity,5,5,7680
2_ball,00103,04,lower_elasticity,5,5,3127
2_ball,00104,00,lower_density,5,5,919
2_ball,00104,00,higher_gravity,5,5,561
2_ball,00104,00,higher_density,5,5,1265
2_ball,00104,00,higher_time_scale,5,5,2152
2_ball,00104,00,higher_elasticity,5,5,1042
2_ball,00104,00,lower_space_iterations,5,5,673
2_ball,00104,00,lower_time_scale,5,5,2012
2_ball,00104,00,lower_friction,5,5,835
2_ball,00104,00,higher_friction,5,5,1750
2_ball,00104,00,lower_gravity,5,5,833
2_ball,00104,00,higher_space_iterations,5,5,2047
2_ball,00104,00,lower_elasticity,5,5,844
2_ball,00104,00,default,5,5,1410
2_ball,00104,01,lower_density,5,5,8713
2_ball,00104,01,higher_gravity,5,5,8413
2_ball,00104,01,higher_density,2,5,7678
2_ball,00104,01,higher_time_scale,5,5,1905
2_ball,00104,01,higher_elasticity,5,5,9388
2_ball,00104,01,lower_space_iterations,4,5,9925
2_ball,00104,01,lower_time_scale,5,5,6724
2_ball,00104,01,lower_friction,4,5,8132
2_ball,00104,01,higher_friction,5,5,9999
2_ball,00104,01,lower_gravity,5,5,9584
2_ball,00104,01,higher_space_iterations,5,5,7042
2_ball,00104,01,lower_elasticity,5,5,5915
2_ball,00104,01,default,5,5,8099
2_ball,00104,02,lower_density,4,5,6978
2_ball,00104,02,higher_gravity,3,5,6276
2_ball,00104,02,higher_density,3,5,8991
2_ball,00104,02,higher_time_scale,5,5,7714
2_ball,00104,02,higher_elasticity,3,5,9795
2_ball,00104,02,lower_space_iterations,2,5,5444
2_ball,00104,02,lower_time_scale,1,5,5616
2_ball,00104,02,lower_friction,5,5,7382
2_ball,00104,02,higher_friction,5,5,9535
2_ball,00104,02,lower_gravity,4,5,9772
2_ball,00104,02,higher_space_iterations,4,5,6161
2_ball,00104,02,lower_elasticity,5,5,5227
2_ball,00104,02,default,4,5,2532
2_ball,00104,03,lower_density,5,5,2504
2_ball,00104,03,higher_gravity,5,5,2101
2_ball,00104,03,higher_density,5,5,2176
2_ball,00104,03,higher_time_scale,5,5,2824
2_ball,00104,03,higher_elasticity,5,5,2448
2_ball,00104,03,lower_space_iterations,5,5,1709
2_ball,00104,03,lower_time_scale,5,5,2698
2_ball,00104,03,lower_friction,5,5,1782
2_ball,00104,03,higher_friction,5,5,1252
2_ball,00104,03,lower_gravity,5,5,2916
2_ball,00104,03,higher_space_iterations,5,5,2315
2_ball,00104,03,lower_elasticity,5,5,1187
2_ball,00104,03,default,5,5,1777
2_ball,00104,04,lower_density,1,5,6590
2_ball,00104,04,higher_gravity,1,5,3226
2_ball,00104,04,higher_density,1,5,1880
2_ball,00104,04,higher_time_scale,1,5,5513
2_ball,00104,04,higher_elasticity,1,5,475
2_ball,00104,04,lower_space_iterations,1,5,2024
2_ball,00104,04,lower_time_scale,0,5,4
2_ball,00104,04,lower_friction,3,5,7551
2_ball,00104,04,higher_friction,2,5,9218
2_ball,00104,04,lower_gravity,1,5,6479
2_ball,00104,04,higher_space_iterations,1,5,1762
2_ball,00104,04,lower_elasticity,1,5,7568
2_ball,00104,04,default,1,5,5984
2_ball,00105,00,lower_density,5,5,3044
2_ball,00105,00,higher_gravity,5,5,844
2_ball,00105,00,higher_density,5,5,602
2_ball,00105,00,higher_time_scale,5,5,1336
2_ball,00105,00,higher_elasticity,5,5,7416
2_ball,00105,00,lower_space_iterations,5,5,4748
2_ball,00105,00,lower_time_scale,5,5,2485
2_ball,00105,00,lower_friction,5,5,239
2_ball,00105,00,higher_friction,5,5,9914
2_ball,00105,00,lower_gravity,5,5,876
2_ball,00105,00,higher_space_iterations,5,5,2938
2_ball,00105,00,lower_elasticity,5,5,1044
2_ball,00105,00,default,5,5,2471
2_ball,00105,01,lower_density,5,5,381
2_ball,00105,01,higher_gravity,5,5,190
2_ball,00105,01,higher_density,5,5,452
2_ball,00105,01,higher_time_scale,5,5,499
2_ball,00105,01,higher_elasticity,5,5,671
2_ball,00105,01,lower_space_iterations,5,5,299
2_ball,00105,01,lower_time_scale,5,5,209
2_ball,00105,01,lower_friction,5,5,89
2_ball,00105,01,higher_friction,5,5,1988
2_ball,00105,01,lower_gravity,5,5,573
2_ball,00105,01,higher_space_iterations,5,5,258
2_ball,00105,01,lower_elasticity,5,5,340
2_ball,00105,01,default,5,5,249
2_ball,00105,02,lower_density,5,5,937
2_ball,00105,02,higher_gravity,5,5,1356
2_ball,00105,02,higher_density,5,5,1472
2_ball,00105,02,higher_time_scale,5,5,942
2_ball,00105,02,higher_elasticity,5,5,1176
2_ball,00105,02,lower_space_iterations,5,5,1192
2_ball,00105,02,lower_time_scale,5,5,558
2_ball,00105,02,lower_friction,5,5,178
2_ball,00105,02,higher_friction,5,5,1294
2_ball,00105,02,lower_gravity,5,5,587
2_ball,00105,02,higher_space_iterations,5,5,1059
2_ball,00105,02,lower_elasticity,5,5,648
2_ball,00105,02,default,5,5,907
2_ball,00105,03,lower_density,4,5,4921
2_ball,00105,03,higher_gravity,5,5,7559
2_ball,00105,03,higher_density,5,5,2567
2_ball,00105,03,higher_time_scale,4,5,4286
2_ball,00105,03,higher_elasticity,2,5,4643
2_ball,00105,03,lower_space_iterations,2,5,9791
2_ball,00105,03,lower_time_scale,3,5,9675
2_ball,00105,03,lower_friction,5,5,748
2_ball,00105,03,higher_friction,2,5,9947
2_ball,00105,03,lower_gravity,5,5,1519
2_ball,00105,03,higher_space_iterations,5,5,9336
2_ball,00105,03,lower_elasticity,5,5,5979
2_ball,00105,03,default,5,5,6801
2_ball,00105,04,lower_density,0,5,4
2_ball,00105,04,higher_gravity,0,5,4
2_ball,00105,04,higher_density,0,5,4
2_ball,00105,04,higher_time_scale,0,5,4
2_ball,00105,04,higher_elasticity,0,5,4
2_ball,00105,04,lower_space_iterations,0,5,4
2_ball,00105,04,lower_time_scale,0,5,4
2_ball,00105,04,lower_friction,0,5,4
2_ball,00105,04,higher_friction,0,5,4
2_ball,00105,04,lower_gravity,0,5,4
2_ball,00105,04,higher_space_iterations,0,5,4
2_ball,00105,04,lower_elasticity,0,5,4
2_ball,00105,04,default,0,5,4
2_ball,00106,00,lower_density,5,5,1029
2_ball,00106,00,higher_gravity,5,5,1048
2_ball,00106,00,higher_density,5,5,676
2_ball,00106,00,higher_time_scale,5,5,209
2_ball,00106,00,higher_elasticity,5,5,746
2_ball,00106,00,lower_space_iterations,5,5,1185
2_ball,00106,00,lower_time_scale,5,5,1066
2_ball,00106,00,lower_friction,5,5,1003
2_ball,00106,00,higher_friction,5,5,1579
2_ball,00106,00,lower_gravity,5,5,1011
2_ball,00106,00,higher_space_iterations,5,5,281
2_ball,00106,00,lower_elasticity,5,5,1344
2_ball,00106,00,default,5,5,720
2_ball,00106,01,lower_density,5,5,1962
2_ball,00106,01,higher_gravity,5,5,5462
2_ball,00106,01,higher_density,5,5,5003
2_ball,00106,01,higher_time_scale,5,5,3539
2_ball,00106,01,higher_elasticity,5,5,958
2_ball,00106,01,lower_space_iterations,5,5,3643
2_ball,00106,01,lower_time_scale,5,5,3045
2_ball,00106,01,lower_friction,5,5,1621
2_ball,00106,01,higher_friction,5,5,3707
2_ball,00106,01,lower_gravity,5,5,2534
2_ball,00106,01,higher_space_iterations,5,5,3044
2_ball,00106,01,lower_elasticity,5,5,2119
2_ball,00106,01,default,5,5,2869
2_ball,00106,02,lower_density,5,5,2604
2_ball,00106,02,higher_gravity,5,5,3619
2_ball,00106,02,higher_density,5,5,2718
2_ball,00106,02,higher_time_scale,5,5,1914
2_ball,00106,02,higher_elasticity,5,5,3747
2_ball,00106,02,lower_space_iterations,5,5,3451
2_ball,00106,02,lower_time_scale,5,5,5033
2_ball,00106,02,lower_friction,5,5,1344
2_ball,00106,02,higher_friction,5,5,2584
2_ball,00106,02,lower_gravity,5,5,4188
2_ball,00106,02,higher_space_iterations,5,5,3984
2_ball,00106,02,lower_elasticity,5,5,1877
2_ball,00106,02,default,5,5,1982
2_ball,00106,03,lower_density,5,5,3786
2_ball,00106,03,higher_gravity,5,5,2155
2_ball,00106,03,higher_density,5,5,3362
2_ball,00106,03,higher_time_scale,5,5,3521
2_ball,00106,03,higher_elasticity,5,5,2074
2_ball,00106,03,lower_space_iterations,5,5,2907
2_ball,00106,03,lower_time_scale,5,5,2364
2_ball,00106,03,lower_friction,5,5,1897
2_ball,00106,03,higher_friction,5,5,5671
2_ball,00106,03,lower_gravity,5,5,3533
2_ball,00106,03,higher_space_iterations,5,5,1293
2_ball,00106,03,lower_elasticity,5,5,1782
2_ball,00106,03,default,5,5,3558
2_ball,00106,04,lower_density,5,5,506
2_ball,00106,04,higher_gravity,5,5,2463
2_ball,00106,04,higher_density,5,5,1897
2_ball,00106,04,higher_time_scale,5,5,2133
2_ball,00106,04,higher_elasticity,5,5,4423
2_ball,00106,04,lower_space_iterations,5,5,4010
2_ball,00106,04,lower_time_scale,5,5,3415
2_ball,00106,04,lower_friction,5,5,640
2_ball,00106,04,higher_friction,5,5,2087
2_ball,00106,04,lower_gravity,5,5,2876
2_ball,00106,04,higher_space_iterations,5,5,3493
2_ball,00106,04,lower_elasticity,5,5,2053
2_ball,00106,04,default,5,5,3810
2_ball,00107,00,lower_density,5,5,1183
2_ball,00107,00,higher_gravity,5,5,894
2_ball,00107,00,higher_density,5,5,848
2_ball,00107,00,higher_time_scale,5,5,889
2_ball,00107,00,higher_elasticity,5,5,189
2_ball,00107,00,lower_space_iterations,5,5,612
2_ball,00107,00,lower_time_scale,5,5,512
2_ball,00107,00,lower_friction,5,5,9129
2_ball,00107,00,higher_friction,5,5,628
2_ball,00107,00,lower_gravity,5,5,1076
2_ball,00107,00,higher_space_iterations,5,5,960
2_ball,00107,00,lower_elasticity,5,5,5769
2_ball,00107,00,default,5,5,848
2_ball,00107,01,lower_density,4,5,9187
2_ball,00107,01,higher_gravity,2,5,9272
2_ball,00107,01,higher_density,5,5,8135
2_ball,00107,01,higher_time_scale,0,5,4
2_ball,00107,01,higher_elasticity,5,5,2943
2_ball,00107,01,lower_space_iterations,1,5,7502
2_ball,00107,01,lower_time_scale,2,5,7821
2_ball,00107,01,lower_friction,2,5,5649
2_ball,00107,01,higher_friction,5,5,8211
2_ball,00107,01,lower_gravity,3,5,9004
2_ball,00107,01,higher_space_iterations,5,5,9558
2_ball,00107,01,lower_elasticity,3,5,5634
2_ball,00107,01,default,5,5,5160
2_ball,00107,02,lower_density,5,5,2349
2_ball,00107,02,higher_gravity,5,5,6267
2_ball,00107,02,higher_density,5,5,3847
2_ball,00107,02,higher_time_scale,5,5,2228
2_ball,00107,02,higher_elasticity,5,5,967
2_ball,00107,02,lower_space_iterations,4,5,9754
2_ball,00107,02,lower_time_scale,5,5,7986
2_ball,00107,02,lower_friction,0,5,4
2_ball,00107,02,higher_friction,5,5,4644
2_ball,00107,02,lower_gravity,5,5,5509
2_ball,00107,02,higher_space_iterations,5,5,8907
2_ball,00107,02,lower_elasticity,3,5,9639
2_ball,00107,02,default,5,5,9038
2_ball,00107,03,lower_density,0,5,4
2_ball,00107,03,higher_gravity,0,5,4
2_ball,00107,03,higher_density,0,5,4
2_ball,00107,03,higher_time_scale,0,5,4
2_ball,00107,03,higher_elasticity,0,5,4
2_ball,00107,03,lower_space_iterations,0,5,4
2_ball,00107,03,lower_time_scale,0,5,4
2_ball,00107,03,lower_friction,0,5,4
2_ball,00107,03,higher_friction,0,5,4
2_ball,00107,03,lower_gravity,0,5,4
2_ball,00107,03,higher_space_iterations,0,5,4
2_ball,00107,03,lower_elasticity,0,5,4
2_ball,00107,03,default,0,5,4
2_ball,00107,04,lower_density,4,5,8558
2_ball,00107,04,higher_gravity,1,5,8735
2_ball,00107,04,higher_density,3,5,9453
2_ball,00107,04,higher_time_scale,4,5,8460
2_ball,00107,04,higher_elasticity,3,5,7047
2_ball,00107,04,lower_time_scale,1,5,4142
2_ball,00107,04,higher_friction,0,5,4
2_ball,00107,04,lower_gravity,0,5,4
2_ball,00107,04,higher_space_iterations,1,5,7599
2_ball,00107,04,default,3,5,9528
2_ball,00108,00,lower_density,5,5,206
2_ball,00108,00,higher_gravity,5,5,299
2_ball,00108,00,higher_density,5,5,238
2_ball,00108,00,higher_time_scale,5,5,606
2_ball,00108,00,higher_elasticity,5,5,131
2_ball,00108,00,lower_space_iterations,5,5,431
2_ball,00108,00,lower_time_scale,5,5,203
2_ball,00108,00,lower_friction,5,5,429
2_ball,00108,00,higher_friction,5,5,148
2_ball,00108,00,lower_gravity,5,5,179
2_ball,00108,00,higher_space_iterations,5,5,323
2_ball,00108,00,lower_elasticity,5,5,968
2_ball,00108,00,default,5,5,293
2_ball,00108,01,lower_density,5,5,6403
2_ball,00108,01,higher_gravity,5,5,5280
2_ball,00108,01,higher_density,5,5,5148
2_ball,00108,01,higher_time_scale,4,5,9757
2_ball,00108,01,higher_elasticity,5,5,2155
2_ball,00108,01,lower_space_iterations,5,5,8314
2_ball,00108,01,lower_time_scale,5,5,3561
2_ball,00108,01,lower_friction,5,5,7534
2_ball,00108,01,higher_friction,5,5,9623
2_ball,00108,01,lower_gravity,5,5,2220
2_ball,00108,01,higher_space_iterations,5,5,4157
2_ball,00108,01,lower_elasticity,5,5,7602
2_ball,00108,01,default,5,5,5108
2_ball,00108,02,lower_density,5,5,214
2_ball,00108,02,higher_gravity,5,5,298
2_ball,00108,02,higher_density,5,5,537
2_ball,00108,02,higher_time_scale,5,5,738
2_ball,00108,02,higher_elasticity,5,5,202
2_ball,00108,02,lower_space_iterations,5,5,610
2_ball,00108,02,lower_time_scale,5,5,933
2_ball,00108,02,lower_friction,5,5,333
2_ball,00108,02,higher_friction,5,5,643
2_ball,00108,02,lower_gravity,5,5,662
2_ball,00108,02,higher_space_iterations,5,5,419
2_ball,00108,02,lower_elasticity,5,5,453
2_ball,00108,02,default,5,5,702
2_ball,00108,03,lower_density,5,5,282
2_ball,00108,03,higher_gravity,5,5,311
2_ball,00108,03,higher_density,5,5,88
2_ball,00108,03,higher_time_scale,5,5,329
2_ball,00108,03,higher_elasticity,5,5,343
2_ball,00108,03,lower_space_iterations,5,5,273
2_ball,00108,03,lower_time_scale,5,5,356
2_ball,00108,03,lower_friction,5,5,423
2_ball,00108,03,higher_friction,5,5,154
2_ball,00108,03,lower_gravity,5,5,216
2_ball,00108,03,higher_space_iterations,5,5,121
2_ball,00108,03,lower_elasticity,5,5,297
2_ball,00108,03,default,5,5,434
2_ball,00108,04,lower_density,3,5,9966
2_ball,00108,04,higher_gravity,3,5,4510
2_ball,00108,04,higher_density,1,5,9345
2_ball,00108,04,higher_time_scale,0,5,4
2_ball,00108,04,higher_elasticity,5,5,2883
2_ball,00108,04,lower_space_iterations,1,5,8917
2_ball,00108,04,lower_time_scale,2,5,9058
2_ball,00108,04,lower_friction,4,5,7779
2_ball,00108,04,higher_friction,5,5,9414
2_ball,00108,04,lower_gravity,4,5,6926
2_ball,00108,04,higher_space_iterations,1,5,9632
2_ball,00108,04,lower_elasticity,2,5,7587
2_ball,00108,04,default,3,5,7669
2_ball,00109,00,lower_density,5,5,1629
2_ball,00109,00,higher_gravity,5,5,1930
2_ball,00109,00,higher_density,5,5,2334
2_ball,00109,00,higher_time_scale,5,5,2880
2_ball,00109,00,higher_elasticity,5,5,21
2_ball,00109,00,lower_space_iterations,5,5,1337
2_ball,00109,00,lower_time_scale,5,5,2025
2_ball,00109,00,lower_friction,5,5,2077
2_ball,00109,00,higher_friction,5,5,1546
2_ball,00109,00,lower_gravity,5,5,3017
2_ball,00109,00,higher_space_iterations,5,5,3496
2_ball,00109,00,lower_elasticity,5,5,9241
2_ball,00109,00,default,5,5,4205
2_ball,00109,01,lower_density,5,5,2497
2_ball,00109,01,higher_gravity,5,5,647
2_ball,00109,01,higher_density,5,5,666
2_ball,00109,01,higher_time_scale,5,5,1770
2_ball,00109,01,higher_elasticity,5,5,16
2_ball,00109,01,lower_space_iterations,5,5,905
2_ball,00109,01,lower_time_scale,5,5,1286
2_ball,00109,01,lower_friction,5,5,597
2_ball,00109,01,higher_friction,5,5,938
2_ball,00109,01,lower_gravity,5,5,1266
2_ball,00109,01,higher_space_iterations,5,5,1503
2_ball,00109,01,lower_elasticity,5,5,1254
2_ball,00109,01,default,5,5,2270
2_ball,00109,02,lower_density,5,5,630
2_ball,00109,02,higher_gravity,5,5,610
2_ball,00109,02,higher_density,5,5,751
2_ball,00109,02,higher_time_scale,5,5,533
2_ball,00109,02,higher_elasticity,5,5,375
2_ball,00109,02,lower_space_iterations,5,5,266
2_ball,00109,02,lower_time_scale,5,5,577
2_ball,00109,02,lower_friction,5,5,504
2_ball,00109,02,higher_friction,5,5,552
2_ball,00109,02,lower_gravity,5,5,461
2_ball,00109,02,higher_space_iterations,5,5,544
2_ball,00109,02,lower_elasticity,5,5,1357
2_ball,00109,02,default,5,5,715
2_ball,00109,03,lower_density,0,5,4
2_ball,00109,03,higher_gravity,0,5,4
2_ball,00109,03,higher_density,2,5,8633
2_ball,00109,03,higher_time_scale,0,5,4
2_ball,00109,03,higher_elasticity,5,5,7673
2_ball,00109,03,lower_space_iterations,2,5,7763
2_ball,00109,03,lower_time_scale,0,5,4
2_ball,00109,03,lower_friction,2,5,9624
2_ball,00109,03,higher_friction,0,5,4
2_ball,00109,03,lower_gravity,1,5,8718
2_ball,00109,03,higher_space_iterations,3,5,7002
2_ball,00109,03,lower_elasticity,1,5,1540
2_ball,00109,03,default,5,5,7125
2_ball,00109,04,lower_density,5,5,3660
2_ball,00109,04,higher_gravity,5,5,2558
2_ball,00109,04,higher_density,5,5,9325
2_ball,00109,04,higher_time_scale,5,5,2732
2_ball,00109,04,higher_elasticity,5,5,4474
2_ball,00109,04,lower_space_iterations,5,5,8364
2_ball,00109,04,lower_time_scale,5,5,4336
2_ball,00109,04,lower_friction,5,5,3879
2_ball,00109,04,higher_friction,5,5,4378
2_ball,00109,04,lower_gravity,5,5,7480
2_ball,00109,04,higher_space_iterations,5,5,3143
2_ball,00109,04,lower_elasticity,5,5,5281
2_ball,00109,04,default,5,5,4109
2_ball,00110,00,lower_density,4,5,9913
2_ball,00110,00,higher_gravity,3,5,5425
2_ball,00110,00,higher_density,3,5,6242
2_ball,00110,00,higher_time_scale,4,5,9838
2_ball,00110,00,higher_elasticity,5,5,7464
2_ball,00110,00,lower_space_iterations,4,5,8462
2_ball,00110,00,lower_time_scale,5,5,6912
2_ball,00110,00,lower_friction,5,5,3311
2_ball,00110,00,higher_friction,5,5,2768
2_ball,00110,00,lower_gravity,3,5,9302
2_ball,00110,00,higher_space_iterations,5,5,9211
2_ball,00110,00,lower_elasticity,4,5,9011
2_ball,00110,00,default,5,5,8261
2_ball,00110,01,lower_density,5,5,1112
2_ball,00110,01,higher_gravity,5,5,2607
2_ball,00110,01,higher_density,5,5,1763
2_ball,00110,01,higher_time_scale,5,5,2078
2_ball,00110,01,higher_elasticity,5,5,903
2_ball,00110,01,lower_space_iterations,5,5,1557
2_ball,00110,01,lower_time_scale,5,5,1230
2_ball,00110,01,lower_friction,5,5,2243
2_ball,00110,01,higher_friction,5,5,2274
2_ball,00110,01,lower_gravity,5,5,1496
2_ball,00110,01,higher_space_iterations,5,5,1125
2_ball,00110,01,lower_elasticity,5,5,1199
2_ball,00110,01,default,5,5,1968
2_ball,00110,02,lower_density,5,5,5471
2_ball,00110,02,higher_gravity,5,5,7034
2_ball,00110,02,higher_density,5,5,3868
2_ball,00110,02,higher_time_scale,5,5,1699
2_ball,00110,02,higher_elasticity,5,5,5874
2_ball,00110,02,lower_space_iterations,5,5,4732
2_ball,00110,02,lower_time_scale,5,5,3442
2_ball,00110,02,lower_friction,5,5,3586
2_ball,00110,02,higher_friction,5,5,3885
2_ball,00110,02,lower_gravity,5,5,2791
2_ball,00110,02,higher_space_iterations,5,5,3698
2_ball,00110,02,lower_elasticity,5,5,7300
2_ball,00110,02,default,5,5,6491
2_ball,00110,03,lower_density,5,5,5528
2_ball,00110,03,higher_gravity,5,5,7790
2_ball,00110,03,higher_density,5,5,6991
2_ball,00110,03,higher_time_scale,5,5,3916
2_ball,00110,03,higher_elasticity,5,5,3955
2_ball,00110,03,lower_space_iterations,5,5,3388
2_ball,00110,03,lower_time_scale,5,5,8504
2_ball,00110,03,lower_friction,5,5,5013
2_ball,00110,03,higher_friction,5,5,4262
2_ball,00110,03,lower_gravity,5,5,9975
2_ball,00110,03,higher_space_iterations,5,5,8935
2_ball,00110,03,lower_elasticity,5,5,3686
2_ball,00110,03,default,5,5,7732
2_ball,00110,04,lower_density,5,5,8521
2_ball,00110,04,higher_gravity,4,5,2338
2_ball,00110,04,higher_density,4,5,9198
2_ball,00110,04,higher_time_scale,3,5,9439
2_ball,00110,04,higher_elasticity,4,5,8870
2_ball,00110,04,lower_space_iterations,1,5,5496
2_ball,00110,04,lower_time_scale,4,5,7814
2_ball,00110,04,lower_friction,3,5,7852
2_ball,00110,04,higher_friction,5,5,4682
2_ball,00110,04,lower_gravity,5,5,9686
2_ball,00110,04,higher_space_iterations,5,5,9837
2_ball,00110,04,lower_elasticity,5,5,7596
2_ball,00110,04,default,4,5,5818
2_ball,00111,00,lower_density,5,5,80
2_ball,00111,00,higher_gravity,5,5,80
2_ball,00111,00,higher_density,5,5,37
2_ball,00111,00,higher_time_scale,5,5,42
2_ball,00111,00,higher_elasticity,5,5,26
2_ball,00111,00,lower_space_iterations,5,5,15
2_ball,00111,00,lower_time_scale,5,5,44
2_ball,00111,00,lower_friction,5,5,43
2_ball,00111,00,higher_friction,5,5,19
2_ball,00111,00,lower_gravity,5,5,26
2_ball,00111,00,higher_space_iterations,5,5,30
2_ball,00111,00,lower_elasticity,5,5,44
2_ball,00111,00,default,5,5,55
2_ball,00111,01,lower_density,5,5,10
2_ball,00111,01,higher_gravity,5,5,16
2_ball,00111,01,higher_density,5,5,16
2_ball,00111,01,higher_time_scale,5,5,12
2_ball,00111,01,higher_elasticity,5,5,20
2_ball,00111,01,lower_space_iterations,5,5,9
2_ball,00111,01,lower_time_scale,5,5,11
2_ball,00111,01,lower_friction,5,5,13
2_ball,00111,01,higher_friction,5,5,16
2_ball,00111,01,lower_gravity,5,5,9
2_ball,00111,01,higher_space_iterations,5,5,11
2_ball,00111,01,lower_elasticity,5,5,13
2_ball,00111,01,default,5,5,30
2_ball,00111,02,lower_density,5,5,33
2_ball,00111,02,higher_gravity,5,5,43
2_ball,00111,02,higher_density,5,5,15
2_ball,00111,02,higher_time_scale,5,5,24
2_ball,00111,02,higher_elasticity,5,5,9
2_ball,00111,02,lower_space_iterations,5,5,23
2_ball,00111,02,lower_time_scale,5,5,26
2_ball,00111,02,lower_friction,5,5,10
2_ball,00111,02,higher_friction,5,5,21
2_ball,00111,02,lower_gravity,5,5,46
2_ball,00111,02,higher_space_iterations,5,5,39
2_ball,00111,02,lower_elasticity,5,5,15
2_ball,00111,02,default,5,5,40
2_ball,00111,03,lower_density,0,5,4
2_ball,00111,03,higher_gravity,0,5,4
2_ball,00111,03,higher_density,0,5,4
2_ball,00111,03,higher_time_scale,0,5,4
2_ball,00111,03,higher_elasticity,0,5,4
2_ball,00111,03,lower_space_iterations,0,5,4
2_ball,00111,03,lower_time_scale,0,5,4
2_ball,00111,03,lower_friction,5,5,1467
2_ball,00111,03,higher_friction,0,5,4
2_ball,00111,03,lower_gravity,0,5,4
2_ball,00111,03,higher_space_iterations,0,5,4
2_ball,00111,03,lower_elasticity,0,5,4
2_ball,00111,03,default,0,5,4
2_ball,00111,04,lower_density,5,5,43
2_ball,00111,04,higher_gravity,5,5,49
2_ball,00111,04,higher_density,5,5,58
2_ball,00111,04,higher_time_scale,5,5,38
2_ball,00111,04,higher_elasticity,5,5,14
2_ball,00111,04,lower_space_iterations,5,5,27
2_ball,00111,04,lower_time_scale,5,5,23
2_ball,00111,04,lower_friction,5,5,29
2_ball,00111,04,higher_friction,5,5,52
2_ball,00111,04,lower_gravity,5,5,24
2_ball,00111,04,higher_space_iterations,5,5,28
2_ball,00111,04,lower_elasticity,5,5,11
2_ball,00111,04,default,5,5,31
2_ball,00112,00,lower_density,5,5,2392
2_ball,00112,00,higher_gravity,5,5,2935
2_ball,00112,00,higher_density,5,5,1565
2_ball,00112,00,higher_time_scale,5,5,7505
2_ball,00112,00,higher_elasticity,5,5,567
2_ball,00112,00,lower_space_iterations,5,5,4210
2_ball,00112,00,lower_time_scale,5,5,3521
2_ball,00112,00,lower_friction,5,5,2298
2_ball,00112,00,higher_friction,5,5,1026
2_ball,00112,00,lower_gravity,5,5,2812
2_ball,00112,00,higher_space_iterations,5,5,5297
2_ball,00112,00,lower_elasticity,5,5,6629
2_ball,00112,00,default,5,5,1709
2_ball,00112,01,lower_density,5,5,4171
2_ball,00112,01,higher_gravity,5,5,1263
2_ball,00112,01,higher_density,5,5,3843
2_ball,00112,01,higher_time_scale,5,5,3374
2_ball,00112,01,higher_elasticity,5,5,2548
2_ball,00112,01,lower_space_iterations,5,5,1513
2_ball,00112,01,lower_time_scale,5,5,1253
2_ball,00112,01,lower_friction,5,5,3398
2_ball,00112,01,higher_friction,5,5,2965
2_ball,00112,01,lower_gravity,5,5,4031
2_ball,00112,01,higher_space_iterations,5,5,4311
2_ball,00112,01,lower_elasticity,5,5,7902
2_ball,00112,01,default,5,5,3602
2_ball,00112,02,lower_density,5,5,4388
2_ball,00112,02,higher_gravity,5,5,5593
2_ball,00112,02,higher_density,5,5,3595
2_ball,00112,02,higher_time_scale,5,5,2945
2_ball,00112,02,higher_elasticity,5,5,1743
2_ball,00112,02,lower_space_iterations,4,5,7764
2_ball,00112,02,lower_time_scale,5,5,8441
2_ball,00112,02,lower_friction,5,5,2563
2_ball,00112,02,higher_friction,5,5,1584
2_ball,00112,02,lower_gravity,5,5,3483
2_ball,00112,02,higher_space_iterations,5,5,6627
2_ball,00112,02,lower_elasticity,5,5,6429
2_ball,00112,02,default,5,5,7119
2_ball,00112,03,lower_density,2,5,9584
2_ball,00112,03,higher_gravity,2,5,8447
2_ball,00112,03,higher_density,1,5,9599
2_ball,00112,03,higher_time_scale,1,5,5672
2_ball,00112,03,higher_elasticity,3,5,9949
2_ball,00112,03,lower_space_iterations,2,5,1529
2_ball,00112,03,lower_time_scale,0,5,4
2_ball,00112,03,lower_friction,4,5,7830
2_ball,00112,03,higher_friction,2,5,9468
2_ball,00112,03,lower_gravity,0,5,4
2_ball,00112,03,higher_space_iterations,1,5,5526
2_ball,00112,03,lower_elasticity,1,5,5668
2_ball,00112,03,default,2,5,732
2_ball,00112,04,lower_density,5,5,625
2_ball,00112,04,higher_gravity,5,5,1712
2_ball,00112,04,higher_density,5,5,793
2_ball,00112,04,higher_time_scale,5,5,1239
2_ball,00112,04,higher_elasticity,5,5,133
2_ball,00112,04,lower_space_iterations,5,5,497
2_ball,00112,04,lower_time_scale,5,5,767
2_ball,00112,04,lower_friction,5,5,132
2_ball,00112,04,higher_friction,5,5,258
2_ball,00112,04,lower_gravity,5,5,533
2_ball,00112,04,higher_space_iterations,5,5,1718
2_ball,00112,04,lower_elasticity,5,5,591
2_ball,00112,04,default,5,5,828
2_ball,00113,00,lower_density,5,5,7820
2_ball,00113,00,higher_gravity,5,5,9531
2_ball,00113,00,higher_density,5,5,7529
2_ball,00113,00,higher_time_scale,5,5,5382
2_ball,00113,00,higher_elasticity,5,5,1175
2_ball,00113,00,lower_space_iterations,5,5,9875
2_ball,00113,00,lower_time_scale,5,5,9411
2_ball,00113,00,lower_friction,5,5,845
2_ball,00113,00,higher_friction,3,5,3805
2_ball,00113,00,lower_gravity,5,5,1221
2_ball,00113,00,higher_space_iterations,5,5,8166
2_ball,00113,00,lower_elasticity,1,5,6543
2_ball,00113,00,default,5,5,8962
2_ball,00113,01,lower_density,5,5,287
2_ball,00113,01,higher_gravity,5,5,284
2_ball,00113,01,higher_density,5,5,491
2_ball,00113,01,higher_time_scale,5,5,256
2_ball,00113,01,higher_elasticity,5,5,201
2_ball,00113,01,lower_space_iterations,5,5,740
2_ball,00113,01,lower_time_scale,5,5,599
2_ball,00113,01,lower_friction,5,5,73
2_ball,00113,01,higher_friction,5,5,322
2_ball,00113,01,lower_gravity,5,5,509
2_ball,00113,01,higher_space_iterations,5,5,738
2_ball,00113,01,lower_elasticity,5,5,503
2_ball,00113,01,default,5,5,301
2_ball,00113,02,lower_density,5,5,2240
2_ball,00113,02,higher_gravity,5,5,1024
2_ball,00113,02,higher_density,5,5,9330
2_ball,00113,02,higher_time_scale,5,5,9568
2_ball,00113,02,higher_elasticity,5,5,209
2_ball,00113,02,lower_space_iterations,5,5,1646
2_ball,00113,02,lower_time_scale,3,5,1707
2_ball,00113,02,lower_friction,5,5,925
2_ball,00113,02,higher_friction,5,5,728
2_ball,00113,02,lower_gravity,5,5,6642
2_ball,00113,02,higher_space_iterations,5,5,858
2_ball,00113,02,lower_elasticity,5,5,1592
2_ball,00113,02,default,5,5,7985
2_ball,00113,03,lower_density,5,5,23
2_ball,00113,03,higher_gravity,5,5,2045
2_ball,00113,03,higher_density,5,5,43
2_ball,00113,03,higher_time_scale,5,5,600
2_ball,00113,03,higher_elasticity,5,5,229
2_ball,00113,03,lower_space_iterations,5,5,1120
2_ball,00113,03,lower_time_scale,5,5,56
2_ball,00113,03,lower_friction,5,5,629
2_ball,00113,03,higher_friction,5,5,61
2_ball,00113,03,lower_gravity,5,5,3067
2_ball,00113,03,higher_space_iterations,5,5,75
2_ball,00113,03,lower_elasticity,5,5,75
2_ball,00113,03,default,5,5,62
2_ball,00113,04,lower_density,5,5,1128
2_ball,00113,04,higher_gravity,5,5,1070
2_ball,00113,04,higher_density,5,5,1231
2_ball,00113,04,higher_time_scale,5,5,1826
2_ball,00113,04,higher_elasticity,5,5,1159
2_ball,00113,04,lower_space_iterations,5,5,671
2_ball,00113,04,lower_time_scale,5,5,848
2_ball,00113,04,lower_friction,5,5,145
2_ball,00113,04,higher_friction,5,5,1031
2_ball,00113,04,lower_gravity,5,5,1313
2_ball,00113,04,higher_space_iterations,5,5,2166
2_ball,00113,04,lower_elasticity,4,5,4508
2_ball,00113,04,default,5,5,418
2_ball,00114,00,lower_density,5,5,938
2_ball,00114,00,higher_gravity,5,5,479
2_ball,00114,00,higher_density,5,5,1704
2_ball,00114,00,higher_time_scale,5,5,1162
2_ball,00114,00,higher_elasticity,5,5,443
2_ball,00114,00,lower_space_iterations,5,5,871
2_ball,00114,00,lower_time_scale,5,5,717
2_ball,00114,00,lower_friction,5,5,1669
2_ball,00114,00,higher_friction,5,5,2271
2_ball,00114,00,lower_gravity,5,5,464
2_ball,00114,00,higher_space_iterations,5,5,633
2_ball,00114,00,lower_elasticity,5,5,1152
2_ball,00114,00,default,5,5,1118
2_ball,00114,01,lower_density,1,5,319
2_ball,00114,01,higher_gravity,2,5,3792
2_ball,00114,01,higher_density,3,5,7931
2_ball,00114,01,higher_time_scale,3,5,9403
2_ball,00114,01,higher_elasticity,5,5,479
2_ball,00114,01,lower_space_iterations,1,5,2981
2_ball,00114,01,lower_time_scale,3,5,9182
2_ball,00114,01,lower_friction,2,5,6025
2_ball,00114,01,higher_friction,5,5,7498
2_ball,00114,01,lower_gravity,2,5,9105
2_ball,00114,01,higher_space_iterations,4,5,5410
2_ball,00114,01,lower_elasticity,3,5,6145
2_ball,00114,01,default,1,5,6809
2_ball,00114,02,lower_density,5,5,740
2_ball,00114,02,higher_gravity,5,5,454
2_ball,00114,02,higher_density,5,5,320
2_ball,00114,02,higher_time_scale,5,5,620
2_ball,00114,02,higher_elasticity,5,5,122
2_ball,00114,02,lower_space_iterations,5,5,663
2_ball,00114,02,lower_time_scale,5,5,593
2_ball,00114,02,lower_friction,5,5,1745
2_ball,00114,02,higher_friction,5,5,605
2_ball,00114,02,lower_gravity,5,5,669
2_ball,00114,02,higher_space_iterations,5,5,337
2_ball,00114,02,lower_elasticity,5,5,843
2_ball,00114,02,default,5,5,1147
2_ball,00114,03,lower_density,5,5,830
2_ball,00114,03,higher_gravity,5,5,502
2_ball,00114,03,higher_density,5,5,438
2_ball,00114,03,higher_time_scale,5,5,578
2_ball,00114,03,higher_elasticity,5,5,9
2_ball,00114,03,lower_space_iterations,5,5,441
2_ball,00114,03,lower_time_scale,5,5,442
2_ball,00114,03,lower_friction,5,5,414
2_ball,00114,03,higher_friction,5,5,679
2_ball,00114,03,lower_gravity,5,5,388
2_ball,00114,03,higher_space_iterations,5,5,364
2_ball,00114,03,lower_elasticity,5,5,976
2_ball,00114,03,default,5,5,214
2_ball,00114,04,lower_density,1,5,6298
2_ball,00114,04,higher_gravity,0,5,4
2_ball,00114,04,higher_density,0,5,4
2_ball,00114,04,higher_time_scale,1,5,7709
2_ball,00114,04,higher_elasticity,5,5,492
2_ball,00114,04,lower_space_iterations,1,5,2077
2_ball,00114,04,lower_time_scale,0,5,4
2_ball,00114,04,lower_friction,1,5,9190
2_ball,00114,04,higher_friction,0,5,4
2_ball,00114,04,lower_gravity,1,5,3722
2_ball,00114,04,higher_space_iterations,1,5,1611
2_ball,00114,04,lower_elasticity,1,5,2001
2_ball,00114,04,default,0,5,4
2_ball,00115,00,lower_density,5,5,711
2_ball,00115,00,higher_gravity,5,5,1030
2_ball,00115,00,higher_density,5,5,664
2_ball,00115,00,higher_time_scale,5,5,1590
2_ball,00115,00,higher_elasticity,5,5,3513
2_ball,00115,00,lower_space_iterations,5,5,1314
2_ball,00115,00,lower_time_scale,5,5,1611
2_ball,00115,00,lower_friction,5,5,501
2_ball,00115,00,higher_friction,0,5,4
2_ball,00115,00,lower_gravity,5,5,986
2_ball,00115,00,higher_space_iterations,5,5,2146
2_ball,00115,00,lower_elasticity,5,5,2417
2_ball,00115,00,default,5,5,2656
2_ball,00115,01,lower_density,5,5,4089
2_ball,00115,01,higher_gravity,5,5,4740
2_ball,00115,01,higher_density,5,5,5531
2_ball,00115,01,higher_time_scale,5,5,3040
2_ball,00115,01,higher_elasticity,5,5,3958
2_ball,00115,01,lower_space_iterations,5,5,6522
2_ball,00115,01,lower_time_scale,5,5,2019
2_ball,00115,01,lower_friction,5,5,837
2_ball,00115,01,higher_friction,1,5,4905
2_ball,00115,01,lower_gravity,5,5,2492
2_ball,00115,01,higher_space_iterations,5,5,8283
2_ball,00115,01,lower_elasticity,5,5,4930
2_ball,00115,01,default,5,5,2458
2_ball,00115,02,lower_density,5,5,1902
2_ball,00115,02,higher_gravity,5,5,2299
2_ball,00115,02,higher_density,5,5,2597
2_ball,00115,02,higher_time_scale,5,5,1876
2_ball,00115,02,higher_elasticity,5,5,1063
2_ball,00115,02,lower_space_iterations,5,5,2402
2_ball,00115,02,lower_time_scale,5,5,4024
2_ball,00115,02,lower_friction,5,5,322
2_ball,00115,02,higher_friction,2,5,2724
2_ball,00115,02,lower_gravity,5,5,4344
2_ball,00115,02,higher_space_iterations,5,5,3699
2_ball,00115,02,lower_elasticity,5,5,2958
2_ball,00115,02,default,5,5,1819
2_ball,00115,03,lower_density,5,5,2628
2_ball,00115,03,higher_gravity,5,5,4662
2_ball,00115,03,higher_density,5,5,3405
2_ball,00115,03,higher_time_scale,5,5,2443
2_ball,00115,03,higher_elasticity,5,5,2315
2_ball,00115,03,lower_space_iterations,5,5,2552
2_ball,00115,03,lower_time_scale,5,5,4244
2_ball,00115,03,lower_friction,5,5,446
2_ball,00115,03,lower_gravity,5,5,2282
2_ball,00115,03,higher_space_iterations,5,5,1438
2_ball,00115,03,lower_elasticity,5,5,1244
2_ball,00115,03,default,5,5,3568
2_ball,00115,04,lower_density,5,5,2200
2_ball,00115,04,higher_gravity,5,5,2456
2_ball,00115,04,higher_density,5,5,2906
2_ball,00115,04,higher_time_scale,5,5,1923
2_ball,00115,04,higher_elasticity,5,5,1919
2_ball,00115,04,lower_space_iterations,5,5,1988
2_ball,00115,04,lower_time_scale,5,5,3908
2_ball,00115,04,lower_friction,5,5,667
2_ball,00115,04,lower_gravity,5,5,6256
2_ball,00115,04,higher_space_iterations,5,5,4563
2_ball,00115,04,lower_elasticity,5,5,4846
2_ball,00115,04,default,5,5,2176
2_ball,00116,00,lower_density,0,5,4
2_ball,00116,00,higher_gravity,2,5,1838
2_ball,00116,00,higher_density,3,5,5126
2_ball,00116,00,higher_time_scale,1,5,2184
2_ball,00116,00,higher_elasticity,5,5,9962
2_ball,00116,00,lower_space_iterations,1,5,1127
2_ball,00116,00,lower_time_scale,0,5,4
2_ball,00116,00,lower_friction,0,5,4
2_ball,00116,00,higher_friction,0,5,4
2_ball,00116,00,lower_gravity,2,5,2264
2_ball,00116,00,higher_space_iterations,0,5,4
2_ball,00116,00,lower_elasticity,0,5,4
2_ball,00116,00,default,0,5,4
2_ball,00116,01,lower_density,0,5,4
2_ball,00116,01,higher_gravity,1,5,3444
2_ball,00116,01,higher_density,1,5,2405
2_ball,00116,01,higher_time_scale,0,5,4
2_ball,00116,01,higher_elasticity,1,5,3644
2_ball,00116,01,lower_space_iterations,0,5,4
2_ball,00116,01,lower_time_scale,1,5,7560
2_ball,00116,01,lower_friction,0,5,4
2_ball,00116,01,higher_friction,0,5,4
2_ball,00116,01,lower_gravity,1,5,6387
2_ball,00116,01,higher_space_iterations,0,5,4
2_ball,00116,01,lower_elasticity,2,5,6984
2_ball,00116,01,default,0,5,4
2_ball,00116,02,lower_density,1,5,861
2_ball,00116,02,higher_gravity,0,5,4
2_ball,00116,02,higher_density,0,5,4
2_ball,00116,02,higher_time_scale,0,5,4
2_ball,00116,02,higher_elasticity,5,5,3496
2_ball,00116,02,lower_space_iterations,0,5,4
2_ball,00116,02,lower_time_scale,1,5,6583
2_ball,00116,02,lower_friction,1,5,9964
2_ball,00116,02,higher_friction,2,5,3519
2_ball,00116,02,lower_gravity,1,5,2245
2_ball,00116,02,higher_space_iterations,0,5,4
2_ball,00116,02,lower_elasticity,1,5,7621
2_ball,00116,02,default,0,5,4
2_ball,00116,03,higher_elasticity,5,5,4474
2_ball,00116,04,higher_elasticity,0,5,4
2_ball,00117,00,lower_density,2,5,9529
2_ball,00117,00,higher_gravity,2,5,4712
2_ball,00117,00,higher_density,2,5,7737
2_ball,00117,00,higher_time_scale,0,5,4
2_ball,00117,00,higher_elasticity,1,5,4920
2_ball,00117,00,lower_space_iterations,0,5,4
2_ball,00117,00,lower_time_scale,2,5,5975
2_ball,00117,00,lower_friction,1,5,1366
2_ball,00117,00,higher_friction,3,5,8763
2_ball,00117,00,lower_gravity,5,5,6297
2_ball,00117,00,higher_space_iterations,1,5,7290
2_ball,00117,00,lower_elasticity,1,5,3300
2_ball,00117,00,default,1,5,6589
2_ball,00117,01,lower_density,5,5,1801
2_ball,00117,01,higher_gravity,5,5,1369
2_ball,00117,01,higher_density,5,5,1937
2_ball,00117,01,higher_time_scale,5,5,2546
2_ball,00117,01,higher_elasticity,5,5,6968
2_ball,00117,01,lower_space_iterations,5,5,2706
2_ball,00117,01,lower_time_scale,5,5,1898
2_ball,00117,01,lower_friction,5,5,2866
2_ball,00117,01,higher_friction,5,5,1764
2_ball,00117,01,lower_gravity,5,5,3910
2_ball,00117,01,higher_space_iterations,5,5,3369
2_ball,00117,01,lower_elasticity,5,5,5115
2_ball,00117,01,default,5,5,1365
2_ball,00117,02,lower_density,3,5,3781
2_ball,00117,02,higher_gravity,3,5,9708
2_ball,00117,02,higher_density,1,5,1836
2_ball,00117,02,higher_time_scale,4,5,9601
2_ball,00117,02,higher_elasticity,2,5,8709
2_ball,00117,02,lower_space_iterations,2,5,7433
2_ball,00117,02,lower_time_scale,0,5,4
2_ball,00117,02,lower_friction,0,5,4
2_ball,00117,02,higher_friction,3,5,7017
2_ball,00117,02,lower_gravity,4,5,5736
2_ball,00117,02,higher_space_iterations,2,5,9424
2_ball,00117,02,lower_elasticity,0,5,4
2_ball,00117,02,default,2,5,8471
2_ball,00117,03,lower_density,1,5,3317
2_ball,00117,03,higher_gravity,2,5,8852
2_ball,00117,03,higher_density,1,5,1898
2_ball,00117,03,higher_time_scale,2,5,8485
2_ball,00117,03,higher_elasticity,2,5,7407
2_ball,00117,03,lower_space_iterations,0,5,4
2_ball,00117,03,lower_time_scale,0,5,4
2_ball,00117,03,lower_friction,1,5,2686
2_ball,00117,03,higher_friction,2,5,3657
2_ball,00117,03,lower_gravity,1,5,5086
2_ball,00117,03,higher_space_iterations,1,5,7465
2_ball,00117,03,lower_elasticity,0,5,4
2_ball,00117,03,default,1,5,9983
2_ball,00117,04,lower_gravity,1,5,9704
2_ball,00118,00,lower_density,0,5,4
2_ball,00118,00,higher_gravity,1,5,6788
2_ball,00118,00,higher_density,0,5,4
2_ball,00118,00,higher_time_scale,0,5,4
2_ball,00118,00,higher_elasticity,2,5,8696
2_ball,00118,00,lower_space_iterations,0,5,4
2_ball,00118,00,lower_time_scale,0,5,4
2_ball,00118,00,lower_friction,1,5,6428
2_ball,00118,00,higher_friction,1,5,1436
2_ball,00118,00,lower_gravity,0,5,4
2_ball,00118,00,higher_space_iterations,0,5,4
2_ball,00118,00,lower_elasticity,2,5,9526
2_ball,00118,00,default,0,5,4
2_ball,00118,01,lower_density,0,5,4
2_ball,00118,01,higher_gravity,1,5,1260
2_ball,00118,01,higher_density,1,5,791
2_ball,00118,01,higher_time_scale,0,5,4
2_ball,00118,01,higher_elasticity,5,5,400
2_ball,00118,01,lower_space_iterations,0,5,4
2_ball,00118,01,lower_time_scale,0,5,4
2_ball,00118,01,lower_friction,5,5,368
2_ball,00118,01,higher_friction,0,5,4
2_ball,00118,01,lower_gravity,0,5,4
2_ball,00118,01,higher_space_iterations,1,5,1151
2_ball,00118,01,lower_elasticity,0,5,4
2_ball,00118,01,default,0,5,4
2_ball,00118,02,lower_density,1,5,2140
2_ball,00118,02,higher_gravity,1,5,5148
2_ball,00118,02,higher_density,0,5,4
2_ball,00118,02,higher_time_scale,0,5,4
2_ball,00118,02,higher_elasticity,0,5,4
2_ball,00118,02,lower_space_iterations,0,5,4
2_ball,00118,02,lower_time_scale,0,5,4
2_ball,00118,02,lower_friction,0,5,4
2_ball,00118,02,higher_friction,1,5,2107
2_ball,00118,02,lower_gravity,0,5,4
2_ball,00118,02,higher_space_iterations,0,5,4
2_ball,00118,02,lower_elasticity,1,5,3394
2_ball,00118,02,default,0,5,4
2_ball,00118,03,higher_elasticity,5,5,9275
2_ball,00118,03,lower_friction,3,5,9872
2_ball,00118,04,higher_elasticity,0,5,4
2_ball,00119,00,lower_density,5,5,4490
2_ball,00119,00,higher_gravity,5,5,8211
2_ball,00119,00,higher_density,5,5,3439
2_ball,00119,00,higher_time_scale,4,5,9807
2_ball,00119,00,higher_elasticity,5,5,8836
2_ball,00119,00,lower_space_iterations,5,5,3570
2_ball,00119,00,lower_time_scale,3,5,7485
2_ball,00119,00,lower_friction,5,5,2127
2_ball,00119,00,higher_friction,4,5,9023
2_ball,00119,00,lower_gravity,5,5,6154
2_ball,00119,00,higher_space_iterations,5,5,9167
2_ball,00119,00,lower_elasticity,5,5,6187
2_ball,00119,00,default,3,5,8499
2_ball,00119,01,lower_density,5,5,7130
2_ball,00119,01,higher_gravity,5,5,6471
2_ball,00119,01,higher_density,5,5,1960
2_ball,00119,01,higher_time_scale,2,5,6778
2_ball,00119,01,higher_elasticity,3,5,9916
2_ball,00119,01,lower_space_iterations,5,5,5805
2_ball,00119,01,lower_time_scale,5,5,6076
2_ball,00119,01,lower_friction,5,5,556
2_ball,00119,01,higher_friction,4,5,6902
2_ball,00119,01,lower_gravity,5,5,4394
2_ball,00119,01,higher_space_iterations,5,5,2053
2_ball,00119,01,lower_elasticity,5,5,3873
2_ball,00119,01,default,5,5,5877
2_ball,00119,02,lower_density,5,5,1999
2_ball,00119,02,higher_gravity,5,5,2132
2_ball,00119,02,higher_density,5,5,2683
2_ball,00119,02,higher_time_scale,5,5,3393
2_ball,00119,02,higher_elasticity,5,5,2322
2_ball,00119,02,lower_space_iterations,5,5,2207
2_ball,00119,02,lower_time_scale,5,5,2846
2_ball,00119,02,lower_friction,5,5,2554
2_ball,00119,02,higher_friction,5,5,6962
2_ball,00119,02,lower_gravity,5,5,2600
2_ball,00119,02,higher_space_iterations,5,5,3559
2_ball,00119,02,lower_elasticity,5,5,1849
2_ball,00119,02,default,5,5,2281
2_ball,00119,03,lower_density,0,5,4
2_ball,00119,03,higher_gravity,0,5,4
2_ball,00119,03,higher_density,0,5,4
2_ball,00119,03,higher_time_scale,0,5,4
2_ball,00119,03,higher_elasticity,3,5,9050
2_ball,00119,03,lower_space_iterations,2,5,5861
2_ball,00119,03,lower_time_scale,1,5,3325
2_ball,00119,03,lower_friction,5,5,9617
2_ball,00119,03,higher_friction,2,5,6664
2_ball,00119,03,lower_gravity,1,5,4286
2_ball,00119,03,higher_space_iterations,2,5,8008
2_ball,00119,03,lower_elasticity,3,5,7730
2_ball,00119,03,default,1,5,3535
2_ball,00119,04,lower_density,5,5,3413
2_ball,00119,04,higher_gravity,5,5,2664
2_ball,00119,04,higher_density,5,5,2958
2_ball,00119,04,higher_elasticity,5,5,9062
2_ball,00119,04,lower_space_iterations,5,5,2441
2_ball,00119,04,lower_time_scale,5,5,2373
2_ball,00119,04,lower_friction,5,5,685
2_ball,00119,04,lower_gravity,5,5,6549
2_ball,00119,04,higher_space_iterations,5,5,2707
2_ball,00119,04,lower_elasticity,5,5,1832
2_ball,00119,04,default,5,5,2851
2_ball,00120,00,lower_density,0,5,4
2_ball,00120,00,higher_gravity,0,5,4
2_ball,00120,00,higher_density,0,5,4
2_ball,00120,00,higher_time_scale,1,5,9053
2_ball,00120,00,higher_elasticity,5,5,6681
2_ball,00120,00,lower_space_iterations,1,5,6601
2_ball,00120,00,lower_time_scale,0,5,4
2_ball,00120,00,lower_friction,5,5,5104
2_ball,00120,00,higher_friction,1,5,2838
2_ball,00120,00,lower_gravity,0,5,4
2_ball,00120,00,higher_space_iterations,1,5,8298
2_ball,00120,00,lower_elasticity,0,5,4
2_ball,00120,00,default,0,5,4
2_ball,00120,01,lower_density,2,5,8043
2_ball,00120,01,higher_gravity,3,5,8661
2_ball,00120,01,higher_density,0,5,4
2_ball,00120,01,higher_time_scale,1,5,2497
2_ball,00120,01,higher_elasticity,5,5,7166
2_ball,00120,01,lower_space_iterations,2,5,8059
2_ball,00120,01,lower_time_scale,0,5,4
2_ball,00120,01,lower_friction,1,5,8602
2_ball,00120,01,higher_friction,5,5,8785
2_ball,00120,01,lower_gravity,1,5,8803
2_ball,00120,01,higher_space_iterations,0,5,4
2_ball,00120,01,lower_elasticity,4,5,8361
2_ball,00120,01,default,0,5,4
2_ball,00120,02,lower_density,0,5,4
2_ball,00120,02,higher_gravity,0,5,4
2_ball,00120,02,higher_density,1,5,8087
2_ball,00120,02,higher_time_scale,0,5,4
2_ball,00120,02,higher_elasticity,5,5,9571
2_ball,00120,02,lower_space_iterations,0,5,4
2_ball,00120,02,lower_time_scale,0,5,4
2_ball,00120,02,lower_friction,0,5,4
2_ball,00120,02,higher_friction,1,5,5161
2_ball,00120,02,lower_gravity,0,5,4
2_ball,00120,02,higher_space_iterations,0,5,4
2_ball,00120,02,lower_elasticity,0,5,4
2_ball,00120,02,default,0,5,4
2_ball,00120,03,higher_elasticity,5,5,257
2_ball,00120,03,lower_friction,5,5,3098
2_ball,00120,03,higher_friction,5,5,562
2_ball,00120,04,higher_elasticity,5,5,2532
2_ball,00120,04,lower_friction,0,5,4
2_ball,00120,04,higher_friction,5,5,9410
2_ball,00121,00,lower_density,1,5,1076
2_ball,00121,00,higher_gravity,1,5,4934
2_ball,00121,00,higher_density,2,5,4503
2_ball,00121,00,higher_time_scale,1,5,4263
2_ball,00121,00,higher_elasticity,3,5,4918
2_ball,00121,00,lower_space_iterations,0,5,4
2_ball,00121,00,lower_time_scale,1,5,479
2_ball,00121,00,lower_friction,0,5,4
2_ball,00121,00,higher_friction,0,5,4
2_ball,00121,00,lower_gravity,0,5,4
2_ball,00121,00,higher_space_iterations,0,5,4
2_ball,00121,00,lower_elasticity,1,5,7900
2_ball,00121,00,default,1,5,5063
2_ball,00121,01,lower_density,0,5,4
2_ball,00121,01,higher_gravity,0,5,4
2_ball,00121,01,higher_density,0,5,4
2_ball,00121,01,higher_time_scale,1,5,6856
2_ball,00121,01,higher_elasticity,2,5,3584
2_ball,00121,01,lower_space_iterations,0,5,4
2_ball,00121,01,lower_time_scale,0,5,4
2_ball,00121,01,lower_friction,1,5,7937
2_ball,00121,01,higher_friction,1,5,3894
2_ball,00121,01,lower_gravity,1,5,819
2_ball,00121,01,higher_space_iterations,0,5,4
2_ball,00121,01,lower_elasticity,0,5,4
2_ball,00121,01,default,0,5,4
2_ball,00121,02,lower_density,0,5,4
2_ball,00121,02,higher_gravity,1,5,1189
2_ball,00121,02,higher_density,0,5,4
2_ball,00121,02,higher_time_scale,0,5,4
2_ball,00121,02,higher_elasticity,1,5,8336
2_ball,00121,02,lower_space_iterations,1,5,7078
2_ball,00121,02,lower_time_scale,0,5,4
2_ball,00121,02,lower_friction,0,5,4
2_ball,00121,02,higher_friction,1,5,2599
2_ball,00121,02,lower_gravity,0,5,4
2_ball,00121,02,higher_space_iterations,0,5,4
2_ball,00121,02,lower_elasticity,2,5,1490
2_ball,00121,02,default,1,5,9241
2_ball,00122,00,lower_density,5,5,23
2_ball,00122,00,higher_gravity,5,5,42
2_ball,00122,00,higher_density,5,5,39
2_ball,00122,00,higher_time_scale,5,5,62
2_ball,00122,00,higher_elasticity,5,5,33
2_ball,00122,00,lower_space_iterations,5,5,35
2_ball,00122,00,lower_time_scale,5,5,39
2_ball,00122,00,lower_friction,5,5,25
2_ball,00122,00,higher_friction,5,5,7950
2_ball,00122,00,lower_gravity,5,5,76
2_ball,00122,00,higher_space_iterations,5,5,36
2_ball,00122,00,lower_elasticity,5,5,31
2_ball,00122,00,default,5,5,34
2_ball,00122,01,lower_density,5,5,117
2_ball,00122,01,higher_gravity,5,5,104
2_ball,00122,01,higher_density,5,5,58
2_ball,00122,01,higher_time_scale,5,5,72
2_ball,00122,01,higher_elasticity,5,5,109
2_ball,00122,01,lower_space_iterations,5,5,147
2_ball,00122,01,lower_time_scale,5,5,87
2_ball,00122,01,lower_friction,5,5,190
2_ball,00122,01,higher_friction,0,5,4
2_ball,00122,01,lower_gravity,5,5,59
2_ball,00122,01,higher_space_iterations,5,5,40
2_ball,00122,01,lower_elasticity,5,5,105
2_ball,00122,01,default,5,5,92
2_ball,00122,02,lower_density,5,5,51
2_ball,00122,02,higher_gravity,5,5,82
2_ball,00122,02,higher_density,5,5,55
2_ball,00122,02,higher_time_scale,5,5,91
2_ball,00122,02,higher_elasticity,5,5,36
2_ball,00122,02,lower_space_iterations,5,5,39
2_ball,00122,02,lower_time_scale,5,5,71
2_ball,00122,02,lower_friction,5,5,111
2_ball,00122,02,higher_friction,1,5,9443
2_ball,00122,02,lower_gravity,5,5,55
2_ball,00122,02,higher_space_iterations,5,5,69
2_ball,00122,02,lower_elasticity,5,5,52
2_ball,00122,02,default,5,5,29
2_ball,00122,03,lower_density,5,5,49
2_ball,00122,03,higher_gravity,5,5,96
2_ball,00122,03,higher_density,5,5,178
2_ball,00122,03,higher_time_scale,5,5,89
2_ball,00122,03,higher_elasticity,5,5,108
2_ball,00122,03,lower_space_iterations,5,5,77
2_ball,00122,03,lower_time_scale,5,5,52
2_ball,00122,03,lower_friction,5,5,114
2_ball,00122,03,higher_friction,1,5,8210
2_ball,00122,03,lower_gravity,5,5,61
2_ball,00122,03,higher_space_iterations,5,5,51
2_ball,00122,03,lower_elasticity,5,5,44
2_ball,00122,03,default,5,5,33
2_ball,00122,04,lower_density,5,5,82
2_ball,00122,04,higher_gravity,5,5,20
2_ball,00122,04,higher_density,5,5,23
2_ball,00122,04,higher_time_scale,5,5,32
2_ball,00122,04,higher_elasticity,5,5,52
2_ball,00122,04,lower_space_iterations,5,5,118
2_ball,00122,04,lower_time_scale,5,5,37
2_ball,00122,04,lower_friction,5,5,104
2_ball,00122,04,lower_gravity,5,5,24
2_ball,00122,04,higher_space_iterations,5,5,73
2_ball,00122,04,lower_elasticity,5,5,61
2_ball,00122,04,default,5,5,28
2_ball,00123,00,lower_density,5,5,5593
2_ball,00123,00,higher_gravity,5,5,5853
2_ball,00123,00,higher_density,5,5,5828
2_ball,00123,00,higher_time_scale,5,5,7931
2_ball,00123,00,higher_elasticity,5,5,3728
2_ball,00123,00,lower_space_iterations,5,5,6162
2_ball,00123,00,lower_time_scale,5,5,4545
2_ball,00123,00,lower_friction,5,5,4266
2_ball,00123,00,higher_friction,4,5,8256
2_ball,00123,00,lower_gravity,5,5,3567
2_ball,00123,00,higher_space_iterations,5,5,7482
2_ball,00123,00,lower_elasticity,5,5,6899
2_ball,00123,00,default,5,5,2105
2_ball,00123,01,lower_density,0,5,4
2_ball,00123,01,higher_gravity,1,5,2555
2_ball,00123,01,higher_density,0,5,4
2_ball,00123,01,higher_time_scale,1,5,2674
2_ball,00123,01,higher_elasticity,1,5,5879
2_ball,00123,01,lower_space_iterations,3,5,8327
2_ball,00123,01,lower_time_scale,0,5,4
2_ball,00123,01,lower_friction,0,5,4
2_ball,00123,01,higher_friction,1,5,9929
2_ball,00123,01,lower_gravity,0,5,4
2_ball,00123,01,higher_space_iterations,2,5,3782
2_ball,00123,01,lower_elasticity,0,5,4
2_ball,00123,01,default,2,5,8710
2_ball,00123,02,lower_density,1,5,860
2_ball,00123,02,higher_gravity,1,5,3744
2_ball,00123,02,higher_density,2,5,9924
2_ball,00123,02,higher_time_scale,1,5,6345
2_ball,00123,02,higher_elasticity,3,5,3057
2_ball,00123,02,lower_space_iterations,3,5,8974
2_ball,00123,02,lower_time_scale,3,5,7375
2_ball,00123,02,lower_friction,2,5,6062
2_ball,00123,02,higher_friction,0,5,4
2_ball,00123,02,lower_gravity,2,5,8975
2_ball,00123,02,higher_space_iterations,1,5,696
2_ball,00123,02,lower_elasticity,0,5,4
2_ball,00123,02,default,1,5,9293
2_ball,00123,03,lower_density,2,5,3651
2_ball,00123,03,higher_gravity,0,5,4
2_ball,00123,03,higher_density,2,5,8916
2_ball,00123,03,higher_time_scale,2,5,6379
2_ball,00123,03,higher_elasticity,3,5,7932
2_ball,00123,03,lower_space_iterations,0,5,4
2_ball,00123,03,lower_time_scale,0,5,4
2_ball,00123,03,lower_friction,3,5,7430
2_ball,00123,03,lower_gravity,0,5,4
2_ball,00123,03,higher_space_iterations,4,5,9754
2_ball,00123,03,lower_elasticity,1,5,9953
2_ball,00123,03,default,0,5,4
2_ball,00124,00,lower_density,0,5,4
2_ball,00124,00,higher_gravity,1,5,7875
2_ball,00124,00,higher_density,0,5,4
2_ball,00124,00,higher_time_scale,0,5,4
2_ball,00124,00,higher_elasticity,5,5,2412
2_ball,00124,00,lower_space_iterations,1,5,8121
2_ball,00124,00,lower_time_scale,4,5,8224
2_ball,00124,00,lower_friction,2,5,5531
2_ball,00124,00,higher_friction,1,5,4112
2_ball,00124,00,lower_gravity,0,5,4
2_ball,00124,00,higher_space_iterations,2,5,6034
2_ball,00124,00,lower_elasticity,0,5,4
2_ball,00124,00,default,2,5,8818
2_ball,00124,01,lower_density,5,5,2223
2_ball,00124,01,higher_gravity,5,5,3588
2_ball,00124,01,higher_density,5,5,4112
2_ball,00124,01,higher_time_scale,5,5,2658
2_ball,00124,01,higher_elasticity,5,5,1099
2_ball,00124,01,lower_space_iterations,5,5,7408
2_ball,00124,01,lower_time_scale,5,5,2549
2_ball,00124,01,lower_friction,5,5,3455
2_ball,00124,01,higher_friction,5,5,1917
2_ball,00124,01,lower_gravity,5,5,2602
2_ball,00124,01,higher_space_iterations,5,5,3702
2_ball,00124,01,lower_elasticity,5,5,1688
2_ball,00124,01,default,5,5,2856
2_ball,00124,02,lower_density,5,5,920
2_ball,00124,02,higher_gravity,5,5,535
2_ball,00124,02,higher_density,5,5,272
2_ball,00124,02,higher_time_scale,5,5,328
2_ball,00124,02,higher_elasticity,5,5,123
2_ball,00124,02,lower_space_iterations,5,5,422
2_ball,00124,02,lower_time_scale,5,5,379
2_ball,00124,02,lower_friction,5,5,2349
2_ball,00124,02,higher_friction,5,5,391
2_ball,00124,02,lower_gravity,5,5,322
2_ball,00124,02,higher_space_iterations,5,5,679
2_ball,00124,02,lower_elasticity,5,5,2435
2_ball,00124,02,default,5,5,280
2_ball,00124,03,lower_density,5,5,5694
2_ball,00124,03,higher_gravity,3,5,7559
2_ball,00124,03,higher_density,5,5,4253
2_ball,00124,03,higher_time_scale,5,5,7375
2_ball,00124,03,higher_elasticity,5,5,1413
2_ball,00124,03,lower_space_iterations,5,5,3814
2_ball,00124,03,lower_time_scale,5,5,9034
2_ball,00124,03,lower_friction,4,5,9022
2_ball,00124,03,higher_friction,5,5,1357
2_ball,00124,03,lower_gravity,5,5,5511
2_ball,00124,03,higher_space_iterations,4,5,5494
2_ball,00124,03,lower_elasticity,5,5,7492
2_ball,00124,03,default,5,5,6210
2_ball,00124,04,lower_density,5,5,1334
2_ball,00124,04,higher_gravity,5,5,1021
2_ball,00124,04,higher_density,5,5,1780
2_ball,00124,04,higher_time_scale,5,5,870
2_ball,00124,04,higher_elasticity,5,5,363
2_ball,00124,04,lower_space_iterations,5,5,1901
2_ball,00124,04,lower_time_scale,5,5,702
2_ball,00124,04,lower_friction,5,5,1273
2_ball,00124,04,higher_friction,5,5,1293
2_ball,00124,04,lower_gravity,5,5,2299
2_ball,00124,04,higher_space_iterations,5,5,1308
2_ball,00124,04,lower_elasticity,5,5,4635
2_ball,00124,04,default,5,5,1224
